행정구역별(읍면동),총가구_2016,일반가구_2016,집단가구_비혈연_2016,집단가구_집단시설_2016,외국인가구_2016,총가구_2017,일반가구_2017,집단가구_비혈연_2017,집단가구_집단시설_2017,외국인가구_2017,총가구_2018,일반가구_2018,집단가구_비혈연_2018,집단가구_집단시설_2018,외국인가구_2018,총가구_2019,일반가구_2019,집단가구_비혈연_2019,집단가구_집단시설_2019,외국인가구_2019,총가구_2020,일반가구_2020,집단가구_비혈연_2020,집단가구_집단시설_2020,외국인가구_2020
부산광역시 중구,20923,20468,5,15,435,20759,20307,12,15,425,20391,19886,10,14,481,20483,19847,5,13,618,21101,20508,9,14,570
부산광역시 서구,46808,46391,11,30,376,46093,45600,15,32,446,46595,46072,17,36,470,47186,46608,17,34,527,47829,47261,15,33,520
부산광역시 동구,37981,37308,11,13,649,38077,37402,13,14,648,37890,37194,12,14,670,38948,38163,19,11,755,40501,39776,16,13,696
부산광역시 영도구,52345,51910,7,19,409,51416,50951,21,19,425,50767,50356,18,18,375,50231,49823,18,20,370,51276,50842,24,20,390
부산광역시 부산진구,152729,151910,15,33,771,153934,153075,21,41,797,152704,151852,42,34,776,153322,152433,34,36,819,158049,157105,37,37,870
부산광역시 동래구,100085,99683,8,24,370,100950,100540,15,25,370,101031,100613,17,27,374,103600,103176,11,27,386,106443,106013,13,26,391
부산광역시 남구,109652,108478,11,30,1133,109597,108016,70,31,1480,113116,111261,69,29,1757,113506,111594,43,29,1840,112568,110605,34,29,1900
부산광역시 북구,114512,114093,NaN,29,387,114011,113476,NaN,29,503,113514,112896,8,28,582,113002,112242,12,29,719,113727,113121,7,32,567
부산광역시 해운대구,155657,154367,6,36,1248,155172,153815,8,34,1315,156338,154967,9,34,1328,157561,156230,10,36,1285,160011,158613,10,37,1351
부산광역시 사하구,128475,127097,5,49,1324,129779,128433,24,50,1272,130646,129242,26,50,1328,130005,128548,15,53,1389,129762,128354,14,53,1341
부산광역시 금정구,99883,98500,26,52,1305,100968,99425,35,53,1455,102728,101118,48,52,1510,103039,101294,44,49,1652,103542,101802,43,50,1647
부산광역시 강서구,39004,37589,NaN,36,1376,43383,41987,7,46,1343,45412,44028,8,46,1330,48509,47138,7,45,1319,52737,51376,7,38,1316
부산광역시 연제구,78375,78070,6,25,274,79788,79475,10,26,277,80416,80104,10,26,276,83732,83398,8,25,301,86043,85699,11,25,308
부산광역시 수영구,71355,70784,6,22,543,72792,72186,12,20,574,73151,72556,14,21,560,74773,74187,13,20,553,77302,76700,10,22,570
부산광역시 사상구,92084,90745,10,31,1298,92305,90925,29,31,1320,91737,90355,28,31,1323,91625,90171,26,32,1396,92172,90678,21,36,1437
부산광역시 기장군,57362,56777,NaN,41,540,59336,58788,5,37,506,61728,61108,9,38,573,62769,62178,NaN,37,552,67189,66584,5,40,560
대구광역시 중구,33679,33349,12,18,300,33318,32968,23,16,311,34431,34109,22,18,282,34523,34207,21,20,275,35114,34805,18,19,272
대구광역시 동구,134469,133741,15,48,665,136701,135974,22,52,653,139492,138759,28,52,653,139879,139168,25,55,631,142473,141788,14,57,614
대구광역시 서구,80477,79496,NaN,32,945,79183,78170,11,33,969,77152,76111,24,32,985,75067,73980,14,34,1039,75132,74097,10,35,990
대구광역시 남구,69009,68498,6,40,465,68748,68227,20,39,462,68808,68263,23,39,483,68768,68268,18,38,444,69654,69120,14,40,480
대구광역시 북구,168913,167089,9,48,1767,171098,169117,38,52,1891,173151,171041,41,50,2019,176876,174696,34,50,2096,181778,179584,21,48,2125
대구광역시 수성구,157836,157126,7,27,676,157640,156945,17,29,649,157323,156596,17,32,678,158648,157906,8,36,698,160984,160239,6,32,707
대구광역시 달서구,223654,220750,10,67,2827,222577,219535,62,65,2915,223693,220531,69,61,3032,228034,224644,62,65,3263,230703,226813,51,70,3769
대구광역시 달성군,77446,75704,6,50,1686,89008,87094,28,59,1827,94215,92106,27,62,2020,98057,95751,13,66,2227,101578,99370,18,59,2131
인천광역시 중구,45249,43924,17,29,1279,47262,45897,25,31,1309,50199,48828,38,36,1297,57204,55660,28,38,1478,61142,59494,23,33,1592
인천광역시 동구,26921,26576,5,9,331,26796,26449,8,9,330,26108,25737,9,9,353,25539,25183,10,8,338,25606,25234,NaN,11,357
인천광역시 연수구,116091,112840,14,25,3212,119930,115927,44,33,3926,125118,120190,48,36,4844,136244,130428,36,34,5746,147391,141117,32,33,6209
인천광역시 남동구,196605,192717,9,81,3798,200748,196858,32,79,3779,205814,201623,39,90,4062,208136,203704,39,96,4297,211978,207421,25,91,4441
인천광역시 부평구,203908,198909,16,65,4918,204175,198443,26,66,5640,202267,195852,39,68,6308,202092,194930,40,74,7048,201550,193963,37,70,7480
인천광역시 계양구,117247,116055,12,41,1139,117201,115976,19,46,1160,115300,114050,27,45,1178,114163,112858,21,55,1229,114972,113632,13,54,1273
인천광역시 서구,178831,174707,12,78,4034,182582,178307,32,81,4162,194339,189779,46,80,4434,200391,195663,42,88,4598,205791,200854,31,78,4828
인천광역시 미추홀구,165620,162564,25,58,2973,170460,166978,52,62,3368,166596,162813,67,64,3652,170328,166240,92,66,3930,173122,168908,91,60,4063
인천광역시 강화군,25775,25477,9,48,241,26402,26103,12,49,238,27045,26728,13,52,252,27377,27048,13,52,264,28145,27827,17,52,249
인천광역시 옹진군,9160,9059,9,5,87,9450,9347,7,5,91,9255,9149,8,NaN,94,8981,8862,NaN,NaN,112,8867,8750,NaN,NaN,110
광주광역시 동구,43773,43348,11,33,381,44089,43634,17,32,406,43709,43155,22,32,500,45719,44954,20,35,710,48193,47388,21,34,750
광주광역시 서구,121493,120798,8,33,654,122837,122103,14,36,684,122667,121889,19,37,722,123669,122889,16,40,724,124973,124204,18,34,717
광주광역시 남구,84311,83897,15,40,359,84836,84399,22,41,374,85021,84578,10,39,394,86624,86172,12,39,401,87579,87098,20,35,426
광주광역시 북구,175279,173862,16,65,1336,176793,175203,33,64,1493,178763,177427,37,63,1236,180639,178759,44,65,1771,183018,181167,39,64,1748
광주광역시 광산구,151062,147467,43,76,3476,154513,150393,50,80,3990,156103,151510,58,87,4448,159427,154385,67,80,4895,164553,159360,57,73,5063
대전광역시 동구,100167,99152,17,60,938,100642,99302,40,57,1243,100706,99157,50,59,1440,102600,100718,46,56,1780,104650,102668,46,61,1875
대전광역시 중구,95584,94941,13,44,586,96177,95532,37,50,558,96448,95807,36,49,556,96758,96106,36,48,568,98346,97687,31,50,578
대전광역시 서구,191568,190211,16,57,1284,193300,191868,36,60,1336,195409,194136,38,61,1174,198286,196870,52,63,1301,204879,203296,41,61,1481
대전광역시 유성구,134422,132178,26,55,2163,140386,137871,40,63,2412,141924,140085,63,66,1710,145746,143172,65,60,2449,156839,154100,53,68,2618
대전광역시 대덕구,75011,74216,21,29,745,73985,73163,24,30,768,73773,72990,28,31,724,72973,72177,24,32,740,74306,73457,22,27,800
울산광역시 중구,90536,89344,NaN,18,1171,90480,89318,NaN,19,1140,88820,87707,NaN,20,1089,87819,86756,NaN,20,1041,87519,86488,5,24,1002
울산광역시 남구,130859,128351,19,33,2456,130563,128116,36,31,2380,130277,128089,39,31,2118,130986,128579,34,33,2340,132915,130469,32,38,2376
울산광역시 동구,65439,63744,NaN,23,1669,64353,62863,5,22,1463,62992,61714,6,22,1250,61905,60684,NaN,23,1195,62485,61081,NaN,20,1381
울산광역시 북구,66813,65921,NaN,20,870,69101,68210,NaN,18,869,72479,71603,6,22,848,77537,76681,7,21,828,80063,79213,7,20,823
울산광역시 울주군,82182,78667,9,68,3438,83392,80213,18,65,3096,85362,82278,23,70,2991,87484,84394,18,73,2999,90013,86836,17,69,3091
경기도 장안구,108169,104948,27,42,3152,108939,105494,28,41,3376,107327,103605,33,38,3651,107308,103478,37,41,3752,108181,104418,32,50,3681
경기도 권선구,134946,130273,12,17,4644,139302,134198,13,20,5071,146956,141221,23,21,5691,147324,141421,19,22,5862,149210,143231,19,31,5929
경기도 팔달구,86814,78986,21,25,7782,87405,79095,27,28,8255,83868,75222,37,25,8584,83269,74470,34,31,8734,84883,76086,36,34,8727
경기도 영통구,125053,122097,18,16,2922,129563,126522,45,20,2976,134088,130771,36,23,3258,141478,137982,30,22,3444,145927,142354,35,21,3517
경기도 수정구,100844,94646,12,19,6167,103143,96984,19,19,6121,103414,96967,26,21,6400,105491,98955,15,24,6497,111225,104775,14,23,6413
경기도 중원구,94043,91969,14,22,2038,90622,88749,25,26,1822,90402,88527,31,21,1823,90746,88878,18,20,1830,91539,89721,27,23,1768
경기도 분당구,174105,172313,7,26,1759,175601,173782,17,26,1776,175530,173828,25,25,1652,175200,173580,19,24,1577,176876,175089,15,24,1748
경기도 의정부시,158836,157212,13,59,1552,161772,160020,27,71,1654,166468,164439,34,74,1921,172232,170040,35,82,2075,180351,178067,22,78,2184
경기도 만안구,91285,88413,8,42,2822,95791,92768,24,42,2957,96350,93094,28,41,3187,95935,92620,23,42,3250,95798,92486,20,42,3250
경기도 동안구,118279,117323,11,11,934,114087,113197,15,11,864,112784,111890,14,11,869,113992,113075,11,11,895,111836,110955,5,17,859
경기도 부천시,313624,304268,35,110,9211,318135,307764,74,112,10185,323631,311868,105,113,11545,324811,311910,76,123,12702,329594,315696,68,137,13693
경기도 광명시,119951,116670,8,17,3256,120086,116608,12,15,3451,120765,117086,15,20,3644,118926,115414,15,21,3476,114422,111383,15,18,3006
경기도 평택시,179176,170771,33,108,8264,187516,178518,95,105,8798,197855,187813,100,110,9832,208466,197997,95,109,10265,224080,213185,74,102,10719
경기도 동두천시,37903,36740,15,44,1104,38008,36963,14,41,990,38358,37226,20,47,1065,38390,37297,11,49,1033,39055,37936,NaN,51,1064
경기도 상록구,145992,140609,36,49,5298,146262,140367,64,47,5784,143483,137013,80,50,6340,141936,134952,69,45,6870,146619,139191,58,47,7323
경기도 단원구,137162,115629,43,104,21386,136346,114388,81,107,21770,137217,114405,99,110,22603,141188,118188,93,100,22807,144675,121407,79,100,23089
경기도 덕양구,159328,157296,19,58,1955,162991,160923,32,63,1973,166532,164489,35,65,1943,174973,172880,22,66,2005,183099,180981,18,75,2025
경기도 일산동구,104983,102970,21,50,1942,107240,105242,32,56,1910,109467,107411,33,57,1966,111229,109198,25,73,1933,114417,112376,22,83,1936
경기도 일산서구,99077,97418,6,17,1636,99882,98191,15,15,1661,99861,98208,16,20,1617,104634,102943,13,21,1657,107189,105507,7,23,1652
경기도 과천시,21368,21211,NaN,5,151,18637,18491,NaN,7,135,18813,18678,NaN,8,124,19023,18901,5,6,111,20629,20504,NaN,6,115
경기도 구리시,66610,66000,7,13,590,69553,68928,13,15,597,72501,71874,12,18,597,72624,71974,8,18,624,73909,73253,7,19,630
경기도 남양주시,222742,220424,30,105,2183,227198,224811,72,113,2202,235291,232836,68,122,2265,246337,243802,62,130,2343,255575,252977,36,137,2425
경기도 오산시,81926,77468,21,25,4412,84314,79379,29,24,4882,89029,83469,36,25,5499,93117,87151,36,28,5902,98336,91909,33,33,6361
경기도 시흥시,161330,145794,31,85,15420,169630,152812,52,85,16681,184106,165423,75,84,18524,198515,178734,62,89,19630,213850,192833,58,84,20875
경기도 군포시,101952,98411,17,34,3490,102190,98562,36,31,3561,102510,98728,32,33,3717,104573,100586,31,35,3921,107215,103186,9,51,3969
경기도 의왕시,54243,53705,8,23,507,54406,53884,11,22,489,54228,53682,8,24,514,57588,57061,7,26,494,59922,59444,9,25,444
경기도 하남시,72082,71253,NaN,23,803,81467,80463,6,26,972,90538,89479,15,24,1020,102261,101231,NaN,24,1002,113584,112462,NaN,24,1094
경기도 처인구,83354,80041,45,98,3170,86859,83434,70,103,3252,95975,92279,61,101,3534,99739,95858,65,100,3716,104370,100342,83,111,3834
경기도 기흥구,140200,138109,23,45,2023,143061,140987,29,47,1998,147140,145151,33,50,1906,153278,151111,28,56,2083,159718,157399,24,53,2242
경기도 수지구,113605,112438,24,22,1121,116416,115278,35,26,1077,119643,118537,20,24,1062,126044,124783,33,24,1204,130548,129188,21,26,1313
경기도 파주시,149665,146308,24,101,3232,153581,150223,55,110,3193,162680,159143,72,124,3341,167957,164306,61,133,3457,174764,170924,36,148,3656
경기도 이천시,76320,73959,17,74,2270,79317,76749,35,74,2459,81222,78535,42,71,2574,83144,80367,42,78,2657,86215,83415,32,119,2649
경기도 안성시,74013,70127,27,103,3756,75632,71193,56,113,4270,77319,72418,59,114,4728,79302,74066,67,118,5051,82928,77368,46,125,5389
경기도 김포시,129385,123571,18,79,5717,140347,134242,33,80,5992,153946,147297,47,82,6520,162871,156040,33,80,6718,179106,171854,23,88,7141
경기도 화성시,231731,220427,54,219,11031,254974,243048,177,229,11520,284445,271365,158,249,12673,312599,298397,172,238,13792,336715,321871,128,268,14448
경기도 광주시,116834,112798,14,63,3959,125090,120936,30,62,4062,135384,131002,45,68,4269,141279,136730,35,75,4439,147712,143039,28,74,4571
경기도 양주시,73344,71155,11,80,2098,77036,74886,26,84,2040,80103,77928,35,102,2038,83851,81582,36,109,2124,88985,86650,23,125,2187
경기도 포천시,60848,57054,20,84,3690,61218,57404,45,87,3682,62389,58539,49,97,3704,62275,58273,46,97,3859,63701,59525,33,112,4031
경기도 여주시,41653,40587,14,62,990,42809,41709,44,67,989,43398,42310,37,68,983,44009,42903,36,67,1003,45457,44234,34,73,1116
경기도 연천군,18437,18077,12,17,331,18382,18019,9,16,338,18455,18089,13,16,337,18043,17681,16,13,333,18368,18014,14,21,319
경기도 가평군,24017,23628,6,39,344,24606,24201,11,40,354,25133,24724,13,40,356,25361,24950,14,40,357,26056,25652,10,37,357
경기도 양평군,41976,41328,9,64,575,44218,43538,21,64,595,45604,44928,23,65,588,46539,45895,21,61,562,48197,47544,15,62,576
강원도 춘천시,110745,109690,24,59,972,112688,111347,35,63,1243,114370,112917,28,65,1360,115187,113550,26,69,1542,119722,118030,18,77,1597
강원도 원주시,132244,131233,27,69,915,135792,134649,34,72,1037,138996,137823,32,74,1067,143720,142352,33,79,1256,151688,150242,30,84,1332
강원도 강릉시,89302,88622,14,66,600,90627,89874,37,67,649,91378,90664,53,63,598,93078,92093,37,68,880,99109,98032,12,71,994
강원도 동해시,36237,35990,6,10,231,36218,35956,10,14,238,36358,35984,11,14,349,36613,36214,9,14,376,37871,37427,6,16,422
강원도 태백시,19474,19380,11,10,73,18979,18886,14,10,69,18763,18663,10,8,82,18640,18536,9,11,84,18688,18586,6,15,81
강원도 속초시,33123,32809,9,16,289,33441,33111,11,14,305,33961,33623,14,14,310,34550,34213,5,14,318,35922,35551,NaN,15,352
강원도 삼척시,29453,29243,9,18,183,29072,28828,11,20,213,29712,29470,13,21,208,29615,29361,16,19,219,31016,30764,7,21,224
강원도 홍천군,27614,27220,NaN,36,354,28339,27902,14,36,387,28691,28314,14,35,328,28728,28356,14,32,326,29533,29207,5,37,284
강원도 횡성군,17659,17421,5,24,209,18180,17933,5,26,216,18843,18612,7,25,199,19162,18912,NaN,24,223,19775,19524,5,25,221
강원도 영월군,16266,16163,5,13,85,16522,16406,10,13,93,16752,16642,6,13,91,16730,16608,8,13,101,17175,17069,NaN,16,87
강원도 평창군,17460,17269,NaN,17,170,17620,17409,6,17,188,17801,17612,6,17,166,17963,17758,7,17,181,18519,18305,6,14,194
강원도 정선군,15448,15347,NaN,11,87,15466,15360,7,10,89,15638,15539,6,11,82,15707,15595,10,11,91,16375,16275,7,13,80
강원도 철원군,18854,18526,6,12,310,18073,17710,12,15,336,17423,17064,11,16,332,17090,16770,11,10,299,17244,16968,NaN,12,260
강원도 화천군,11168,11057,6,12,93,10387,10274,6,14,93,10282,10169,7,13,93,9826,9713,NaN,12,99,9997,9899,NaN,14,83
강원도 양구군,9430,9331,NaN,8,89,8975,8869,6,8,92,9163,9076,5,8,74,8612,8519,NaN,8,81,8606,8521,NaN,7,77
강원도 인제군,13021,12840,6,11,164,12851,12697,NaN,10,142,12898,12768,NaN,9,119,12459,12326,NaN,8,123,12698,12592,NaN,7,95
강원도 고성군,13104,12982,NaN,13,105,12352,12160,12,15,165,12188,12031,11,16,130,11292,11132,NaN,14,142,12096,11723,NaN,15,355
강원도 양양군,11341,11223,NaN,11,105,11472,11358,5,10,99,11630,11513,NaN,9,104,12049,11934,5,9,101,12445,12324,NaN,12,107
충청북도 충주시,86707,85152,16,65,1474,88079,86367,28,69,1615,90559,88711,23,77,1748,92220,90191,16,76,1937,95281,93082,17,96,2086
충청북도 제천시,55840,55381,7,37,415,56583,56082,20,37,444,56921,56476,22,34,389,57908,57422,11,46,429,60173,59680,8,46,439
충청북도 상당구,62949,62532,NaN,33,380,62691,62255,19,31,386,64416,63906,22,33,455,66640,66169,10,43,418,72571,72112,5,47,407
충청북도 서원구,83295,82290,6,37,962,84757,83596,11,42,1108,84396,83079,14,45,1258,85203,83743,9,43,1408,86186,84613,11,45,1517
충청북도 흥덕구,99178,97008,6,34,2130,102083,99566,18,34,2465,103269,100525,18,35,2691,108024,105115,11,44,2854,113965,110912,12,55,2986
충청북도 청원구,73871,72501,11,34,1325,76101,74552,23,40,1486,79192,77513,21,42,1616,81234,79404,22,40,1768,82572,80691,14,60,1807
충청북도 보은군,13936,13780,9,17,130,14094,13945,7,15,127,14243,14080,5,16,142,14206,14044,6,17,139,14464,14306,NaN,20,136
충청북도 옥천군,20126,19864,5,25,232,20248,19997,9,25,217,20600,20362,7,24,207,20575,20331,6,25,213,20937,20721,NaN,24,189
충청북도 영동군,21079,20873,26,24,156,21152,20912,45,28,167,21157,20915,46,28,168,21040,20749,47,27,217,21303,20984,38,37,244
충청북도 진천군,28651,26817,12,51,1771,31219,29183,27,54,1955,33339,31023,29,55,2232,35362,32901,27,55,2379,37427,34771,22,57,2577
충청북도 괴산군,16450,16214,10,19,207,16804,16590,17,22,175,16986,16765,21,22,178,17267,17013,21,20,213,18470,18209,15,23,223
충청북도 음성군,41266,38634,14,100,2518,41518,38717,26,107,2668,42815,39808,31,110,2866,42669,39538,34,109,2988,43664,40342,24,130,3168
충청북도 단양군,12387,12311,NaN,11,63,12470,12390,NaN,13,64,12762,12684,NaN,13,62,12791,12719,5,13,54,12845,12785,NaN,16,44
충청북도 증평군,14843,14557,NaN,12,272,15207,14921,5,11,270,15446,15131,5,12,298,15726,15374,5,11,336,16090,15714,7,12,357
충청남도 동남구,105886,102415,23,89,3359,106312,102689,44,93,3486,108638,104705,58,99,3776,112087,108123,53,97,3814,115604,111538,33,108,3925
충청남도 서북구,140203,136363,31,78,3731,149881,145667,66,90,4058,156663,152244,79,91,4249,160966,156260,61,94,4551,169214,164169,46,87,4912
충청남도 공주시,44551,43921,11,52,567,44956,44298,12,47,599,45256,44552,28,50,626,45543,44816,28,49,650,46981,46165,29,65,722
충청남도 보령시,41453,40782,5,33,633,42025,41277,9,35,704,42247,41506,15,33,693,42160,41410,16,38,696,43181,42417,15,38,711
충청남도 아산시,119334,113605,44,118,5567,124912,118216,55,124,6517,128075,120613,80,130,7252,131316,123229,66,132,7889,136783,128012,48,134,8589
충청남도 서산시,66334,64727,5,36,1566,68127,66351,16,39,1721,70402,68462,24,45,1871,72030,70024,25,43,1938,74847,72765,18,47,2017
충청남도 논산시,49868,48460,8,67,1333,50382,48844,18,65,1455,50262,48759,17,66,1420,50560,49004,12,67,1477,51800,50139,7,83,1571
충청남도 계룡시,14130,14051,NaN,6,72,14959,14890,6,6,57,14971,14905,5,7,54,15110,15028,NaN,7,72,15207,15137,NaN,7,62
충청남도 당진시,66234,64303,9,63,1859,67940,65860,30,68,1982,69395,67159,29,71,2136,70240,67758,23,63,2396,71690,69099,18,69,2504
충청남도 금산군,24420,23913,26,25,456,23621,23044,70,24,483,23434,22889,41,25,479,23172,22450,21,25,676,24102,23257,90,31,724
충청남도 부여군,28321,27985,NaN,31,303,28267,27933,7,29,298,28605,28265,6,31,303,28303,27982,9,32,280,28671,28332,5,37,297
충청남도 서천군,23191,22848,NaN,21,318,23247,22895,NaN,18,332,23167,22804,9,21,333,22945,22581,10,25,329,23143,22790,6,26,321
충청남도 청양군,13257,13084,NaN,13,160,13506,13327,NaN,13,162,13683,13493,NaN,13,174,13571,13382,NaN,15,171,13745,13532,NaN,17,192
충청남도 홍성군,40857,40135,NaN,37,681,42463,41692,17,40,714,42564,41721,7,42,794,43075,42235,6,45,789,44090,43192,11,45,842
충청남도 예산군,32545,31878,NaN,37,626,32726,32014,13,44,655,33392,32641,17,48,686,33702,32933,15,46,708,34488,33675,9,54,750
충청남도 태안군,25712,25260,NaN,18,430,26472,25989,13,20,450,26874,26406,13,18,437,27379,26887,8,19,465,28521,28003,6,22,490
전라북도 완산구,140454,139361,14,81,998,141077,139858,21,76,1122,138434,137053,21,76,1284,138482,136857,15,74,1536,142714,140814,9,74,1817
전라북도 덕진구,111572,110202,17,42,1311,113427,111810,24,41,1552,120343,118551,25,43,1724,126498,124521,27,49,1901,132096,129954,26,50,2066
전라북도 군산시,110210,108113,8,70,2019,110126,108211,21,67,1827,110467,108539,23,69,1836,111064,108999,27,71,1967,114147,111817,25,67,2238
전라북도 익산시,119318,117839,18,81,1380,120375,118594,31,82,1668,120215,118435,29,84,1667,120166,118313,24,88,1741,121413,119474,19,97,1823
전라북도 정읍시,45939,45300,NaN,47,591,46089,45458,12,46,573,46191,45514,15,51,611,46260,45455,15,51,739,46850,45970,10,61,809
전라북도 남원시,33572,33251,NaN,30,287,33658,33315,5,27,311,33474,33135,NaN,29,306,33610,33242,6,28,334,34331,33974,NaN,27,326
전라북도 김제시,35316,34789,6,34,487,35240,34726,12,37,465,35139,34621,19,40,459,35023,34491,14,42,476,35247,34697,8,49,493
전라북도 완주군,38464,37708,10,48,698,38859,38051,18,47,743,38744,37860,21,47,816,38453,37510,20,47,876,39629,38551,12,54,1012
전라북도 진안군,10098,9981,NaN,9,105,10332,10211,NaN,9,111,10480,10374,NaN,11,93,10460,10348,NaN,9,101,10774,10674,NaN,12,88
전라북도 무주군,10069,9988,NaN,10,71,10218,10140,NaN,12,63,10325,10251,NaN,13,60,10366,10296,NaN,12,54,10539,10469,NaN,11,59
전라북도 장수군,9172,9041,NaN,11,118,9221,9094,NaN,11,114,9330,9213,NaN,10,106,9371,9248,NaN,12,111,9497,9383,NaN,10,103
전라북도 임실군,11799,11691,NaN,7,101,11980,11852,NaN,7,120,12055,11940,5,8,102,12093,11985,NaN,8,96,12380,12288,NaN,12,79
전라북도 순창군,11566,11464,NaN,9,91,11616,11518,NaN,11,85,11674,11577,NaN,11,84,11586,11476,NaN,12,97,11750,11647,NaN,17,86
전라북도 고창군,23832,23505,NaN,20,305,23960,23614,7,22,317,23985,23647,5,23,310,23874,23540,5,22,307,23845,23512,NaN,24,305
전라북도 부안군,22656,22445,NaN,16,195,22623,22419,NaN,16,187,22485,22270,5,18,192,22280,22026,8,19,227,22591,22351,NaN,20,216
전라남도 목포시,94425,93334,24,48,1019,94056,93016,19,46,975,94035,93021,31,48,935,93916,92846,30,51,989,95492,94391,31,52,1018
전라남도 여수시,108685,107641,17,62,965,109332,108207,23,68,1034,110064,108824,33,70,1137,110825,109473,29,67,1256,113780,112397,27,68,1288
전라남도 순천시,101945,101344,9,47,545,103391,102801,17,51,522,105177,104561,14,55,547,107128,106414,16,60,638,110833,110112,9,60,652
전라남도 나주시,41344,40683,6,48,607,44766,44119,17,46,584,46527,45864,23,49,591,47649,46928,22,52,647,49264,48497,22,54,691
전라남도 광양시,55111,54550,17,28,516,55668,55138,24,30,476,56254,55698,22,31,503,56685,56134,18,31,502,58325,57752,11,34,528
전라남도 담양군,17458,17109,NaN,28,317,17875,17545,9,28,293,18047,17730,7,31,279,17974,17663,8,28,275,18333,18034,NaN,32,264
전라남도 곡성군,12840,12721,NaN,18,97,12964,12810,9,18,127,12672,12464,7,16,185,12779,12630,8,16,125,12833,12689,8,16,120
전라남도 구례군,10815,10736,NaN,11,65,10905,10805,6,11,83,10932,10839,NaN,11,78,10873,10786,NaN,11,73,11089,11009,NaN,12,66
전라남도 고흥군,29505,29198,NaN,18,285,29252,28959,8,21,264,29327,28993,12,23,299,29298,28933,7,23,335,29852,29520,6,23,303
전라남도 보성군,18244,18125,NaN,17,101,18183,18037,NaN,19,124,18093,17970,8,20,95,17839,17708,8,20,103,17980,17862,7,20,91
전라남도 화순군,25237,24953,NaN,30,252,25288,24991,9,27,261,25152,24869,6,30,247,25005,24708,6,35,256,25608,25343,NaN,35,230
전라남도 장흥군,16451,16297,NaN,11,140,16547,16382,NaN,12,150,16507,16356,NaN,13,138,16497,16350,NaN,15,130,16646,16484,NaN,15,143
전라남도 강진군,15217,15084,5,15,113,15252,15108,7,14,123,15155,15012,8,14,121,15059,14918,6,15,120,15398,15250,NaN,20,126
전라남도 해남군,29458,28953,6,27,472,29370,28879,13,27,451,29121,28634,13,28,446,28928,28491,15,27,395,29535,29031,6,27,471
전라남도 영암군,25184,23332,7,28,1817,24566,23014,11,28,1513,24246,22736,18,28,1464,24425,22747,19,31,1628,25307,23534,14,33,1726
전라남도 무안군,31757,31359,NaN,32,363,31949,31545,13,32,359,31914,31570,14,30,300,32529,32078,11,34,406,36094,35628,20,37,409
전라남도 함평군,13573,13400,NaN,24,148,13737,13528,NaN,25,181,13617,13412,8,24,173,13641,13434,NaN,26,178,13720,13538,NaN,34,146
전라남도 영광군,21457,21180,8,22,247,21619,21314,10,23,272,21626,21324,12,24,266,21668,21345,19,25,279,22102,21780,9,30,283
전라남도 장성군,16884,16603,NaN,18,261,17121,16817,7,20,277,17149,16850,10,21,268,17365,17059,8,20,278,17583,17291,NaN,29,261
전라남도 완도군,21502,20892,NaN,14,592,21576,20933,8,14,621,21593,20922,17,13,641,21536,20810,18,13,695,22006,21234,18,13,741
전라남도 진도군,13587,13173,NaN,6,407,13733,13283,NaN,6,441,13645,13185,NaN,6,451,13597,13090,6,6,495,13883,13400,7,8,468
전라남도 신안군,16744,16530,12,18,184,16792,16526,18,20,228,16828,16572,20,19,217,16749,16481,13,23,232,16997,16742,12,22,221
경상북도 남구,96375,95318,9,35,1013,96259,95269,15,35,940,96464,95390,29,36,1009,96157,95137,22,36,962,97063,96024,22,47,970
경상북도 북구,104497,103857,9,56,575,105503,104833,13,54,603,106815,106066,19,58,672,108148,107355,16,62,715,112310,111435,7,64,804
경상북도 경주시,109282,105400,23,76,3783,110811,106533,40,73,4165,112245,107484,47,78,4636,113433,108194,45,76,5118,116452,111247,30,74,5101
경상북도 김천시,55804,55285,13,60,446,57193,56612,20,63,498,57292,56670,21,68,533,58106,57408,50,65,583,60013,59250,16,67,680
경상북도 안동시,68662,68192,10,50,410,68732,68249,13,50,420,68486,68050,11,53,372,68783,68285,14,53,431,71424,70934,11,62,417
경상북도 구미시,161996,159917,19,86,1974,164455,162429,53,101,1872,165375,163405,45,103,1822,166709,164752,39,96,1822,171496,169519,21,91,1865
경상북도 영주시,44881,44582,5,37,257,45168,44844,8,40,276,45020,44681,6,41,292,44659,44303,5,42,309,45970,45636,9,45,280
경상북도 영천시,41716,40947,10,50,709,42430,41681,14,54,681,43121,42328,12,57,724,44131,43310,22,51,748,45647,44842,17,65,723
경상북도 상주시,42342,41997,10,35,300,42578,42274,13,36,255,42639,42327,16,35,261,42925,42579,15,40,291,44043,43717,11,48,267
경상북도 문경시,30095,29825,NaN,31,235,30077,29841,14,29,193,30114,29855,14,28,217,30329,30068,7,28,226,30839,30574,7,39,219
경상북도 경산시,109077,106396,9,64,2608,111750,108602,15,65,3068,112730,109175,15,66,3474,116892,112324,18,77,4473,120756,116127,14,80,4535
경상북도 군위군,10297,10166,NaN,15,112,10537,10410,NaN,16,108,10675,10565,5,17,88,10680,10560,5,15,100,10850,10726,NaN,18,102
경상북도 의성군,23954,23733,NaN,30,188,23882,23688,8,30,156,23872,23679,8,32,153,23969,23767,5,32,165,24312,24119,5,33,155
경상북도 청송군,11485,11401,NaN,11,71,11527,11454,NaN,12,60,11589,11518,NaN,12,58,11593,11512,NaN,13,67,11797,11723,NaN,15,58
경상북도 영양군,7631,7559,NaN,6,63,7642,7565,NaN,7,66,7665,7585,NaN,7,71,7609,7539,NaN,7,62,7725,7661,NaN,5,58
경상북도 영덕군,17344,17096,NaN,18,226,17244,17015,NaN,10,218,17261,17027,9,14,211,17164,16918,10,15,221,17206,16969,10,14,213
경상북도 청도군,18360,18170,NaN,27,159,18551,18361,9,28,153,18621,18438,9,29,145,18798,18616,7,30,145,19004,18821,6,32,145
경상북도 고령군,13892,13476,NaN,15,397,13933,13519,NaN,15,395,13918,13506,NaN,16,392,13873,13468,NaN,16,387,13917,13498,NaN,18,400
경상북도 성주군,17761,17324,NaN,19,414,17923,17479,7,18,419,18126,17677,10,19,420,18299,17835,8,20,436,18713,18255,9,21,428
경상북도 칠곡군,48110,46899,12,45,1154,48317,47094,18,47,1158,48391,47160,16,51,1164,47475,46237,17,50,1171,47953,46786,12,64,1091
경상북도 예천군,19605,19459,NaN,13,133,20573,20413,NaN,12,148,22502,22350,NaN,13,138,23543,23382,NaN,15,144,24213,24041,NaN,16,153
경상북도 봉화군,14115,14034,NaN,10,68,14144,14052,5,12,75,14141,14044,6,12,79,14092,13992,6,12,82,14189,14092,5,14,78
경상북도 울진군,21872,21569,NaN,16,284,21826,21518,6,18,284,21707,21409,7,19,272,21632,21332,7,19,274,22006,21707,NaN,19,277
경상북도 울릉군,4058,3979,NaN,NaN,72,4158,4072,6,NaN,77,4239,4145,5,NaN,86,4146,4061,NaN,NaN,78,4199,4116,NaN,5,77
경상남도 진주시,137243,135912,16,56,1259,139013,137521,31,59,1402,139571,137960,23,67,1521,142418,140718,37,70,1593,148396,146660,38,73,1625
경상남도 통영시,54941,53411,NaN,29,1497,54568,53306,5,32,1225,54399,53250,17,33,1099,54379,53200,14,36,1129,54922,53758,16,39,1109
경상남도 사천시,45488,44690,5,47,746,45623,44894,7,54,668,46332,45623,9,57,643,46505,45589,13,59,844,47359,46540,7,74,738
경상남도 김해시,193995,187699,18,121,6157,198544,192078,38,128,6300,201465,194797,45,122,6501,208189,201314,33,119,6723,214170,207272,25,104,6769
경상남도 밀양시,44703,43959,NaN,36,706,45309,44465,10,38,796,45665,44774,9,39,843,45869,44923,10,45,891,46860,45948,8,43,861
경상남도 거제시,98388,95037,24,42,3285,97910,95116,41,41,2712,96027,93740,48,39,2200,96257,93728,48,39,2442,98586,95837,33,34,2682
경상남도 양산시,117942,115933,11,52,1946,127990,125887,20,51,2032,134308,132069,12,52,2175,136676,134260,18,57,2341,141072,138629,9,62,2372
경상남도 의창구,95888,94377,5,43,1463,96465,94883,16,43,1523,97857,96281,14,40,1522,100905,99371,16,40,1478,105843,104291,10,40,1502
경상남도 성산구,81430,80126,8,40,1256,81958,80694,15,43,1206,83058,81766,15,43,1234,82584,81246,14,41,1283,83048,81686,18,33,1311
경상남도 마산합포구,71934,71298,9,47,580,72506,71860,18,52,576,72887,72236,31,53,567,73987,73294,34,54,605,72452,71771,17,52,612
경상남도 마산회원구,79452,78499,10,23,920,78100,77179,18,24,879,76697,75855,14,24,804,75748,74963,11,25,749,77008,76212,7,26,763
경상남도 진해구,70795,69375,NaN,25,1393,72649,71146,NaN,26,1474,74678,73215,7,28,1428,76167,74650,6,29,1482,77184,75728,NaN,25,1427
경상남도 의령군,12369,12126,NaN,20,220,12283,12057,8,22,196,12417,12196,10,21,190,12360,12144,10,19,187,12535,12321,NaN,24,187
경상남도 함안군,27977,26929,5,47,996,27838,26869,11,45,913,27787,26844,13,44,886,27491,26560,7,45,879,27594,26634,6,51,903
경상남도 창녕군,26985,26306,7,38,634,27366,26652,7,38,669,27540,26707,8,44,781,27452,26590,7,42,813,27754,26908,NaN,45,798
경상남도 고성군,22601,22101,NaN,29,467,22618,22176,11,29,402,22546,22148,17,29,352,22215,21824,10,31,350,22436,22039,NaN,36,358
경상남도 남해군,19687,19442,NaN,19,225,19668,19431,NaN,17,219,19669,19431,6,19,213,19563,19316,5,17,225,19721,19501,NaN,21,196
경상남도 하동군,19389,19208,6,14,161,19443,19254,6,14,169,19526,19352,10,15,149,19560,19387,7,17,149,19600,19435,6,17,142
경상남도 산청군,15254,15044,5,17,188,15493,15275,9,16,193,15628,15406,10,18,194,15565,15356,10,21,178,15823,15611,9,20,183
경상남도 함양군,16920,16780,NaN,16,123,17044,16916,5,16,107,17256,17119,NaN,16,117,17296,17165,NaN,17,111,17501,17361,6,22,112
경상남도 거창군,25143,24958,NaN,19,166,25299,25105,NaN,22,172,25616,25430,NaN,21,165,25684,25491,NaN,21,169,26054,25874,NaN,21,157
경상남도 합천군,20503,20313,NaN,16,171,20419,20234,7,16,162,20349,20195,6,16,132,20312,20124,8,18,162,20322,20139,NaN,29,152