"행정구역(시군구)별",2016,2016,2016,2017,2017,2017,2018,2018,2018,2019,2019,2019,2020,2020,2020,2021,2021,2021
"행정구역(시군구)별",총인구수 (명),총인구수 (명),총인구수 (명),총인구수 (명),총인구수 (명),총인구수 (명),총인구수 (명),총인구수 (명),총인구수 (명),총인구수 (명),총인구수 (명),총인구수 (명),총인구수 (명),총인구수 (명),총인구수 (명),총인구수 (명),총인구수 (명),총인구수 (명)
"행정구역(시군구)별",원데이터,전년 대비 증감,증감률,원데이터,전년 대비 증감,증감률,원데이터,전년 대비 증감,증감률,원데이터,전년 대비 증감,증감률,원데이터,전년 대비 증감,증감률,원데이터,전년 대비 증감,증감률
"종로구",152737,-2249,-1.45109881,154770,2033,1.33104618,153065,-1705,-1.10163468,151290,-1775,-1.15963806,149384,-1906,-1.25983211,144683,-4701,-3.14692337
"중구",125249,-484,-0.3849427,125709,460,0.3672684,125725,16,0.01272781,126171,446,0.35474249,125240,-931,-0.73788747,122499,-2741,-2.18859789
"용산구",230241,-3101,-1.32895064,229161,-1080,-0.46907371,228999,-162,-0.07069266,228670,-329,-0.14366875,230040,1370,0.59911663,222953,-7087,-3.08076856
"성동구",299259,2256,0.75958829,304808,5549,1.85424666,308221,3413,1.11972127,300889,-7332,-2.37881261,293556,-7333,-2.43711136,285990,-7566,-2.57736173
"광진구",357215,-3154,-0.87521402,357703,488,0.1366124,355559,-2144,-0.59937993,351350,-4209,-1.18376978,346682,-4668,-1.32858973,339996,-6686,-1.92856854
"동대문구",355069,-5084,-1.41162228,350647,-4422,-1.24539174,348052,-2595,-0.74006052,346194,-1858,-0.53382828,342837,-3357,-0.96968752,337400,-5437,-1.58588484
"중랑구",411005,-2904,-0.70160349,408226,-2779,-0.67614749,403209,-5017,-1.22897611,397015,-6194,-1.53617603,394702,-2313,-0.58259763,387350,-7352,-1.86267108
"성북구",450355,-8920,-1.9421915,444055,-6300,-1.39889643,435868,-8187,-1.84369053,442650,6782,1.55597566,437153,-5497,-1.24183892,430528,-6625,-1.51548771
"강북구",327195,-3678,-1.11160475,324479,-2716,-0.83008603,319164,-5315,-1.63801047,313954,-5210,-1.63238962,308055,-5899,-1.87893768,299182,-8873,-2.88032981
"도봉구",348220,-3022,-0.86037547,344166,-4054,-1.16420654,339413,-4753,-1.38101962,333362,-6051,-1.78278381,325257,-8105,-2.43129091,317366,-7891,-2.42608153
"노원구",567581,-7002,-1.2186229,554403,-13178,-2.32178315,543752,-10651,-1.92116565,532905,-10847,-1.99484324,523037,-9868,-1.85173718,510956,-12081,-2.30977923
"은평구",491476,-6444,-1.2941838,486794,-4682,-0.95264062,483197,-3597,-0.73891626,480032,-3165,-0.65501234,479835,-197,-0.04103893,473307,-6528,-1.36046766
"서대문구",314194,2053,0.65771558,312800,-1394,-0.44367493,310313,-2487,-0.79507673,309397,-916,-0.29518583,312173,2776,0.89722913,304819,-7354,-2.35574505
"마포구",379892,-7751,-1.99952018,374915,-4977,-1.31010919,375077,162,0.04320979,374035,-1042,-0.27780962,371890,-2145,-0.57347574,368905,-2985,-0.8026567
"양천구",477739,-6793,-1.40197139,471154,-6585,-1.37836769,464185,-6969,-1.47913421,458165,-6020,-1.29689671,454251,-3914,-0.85427739,447302,-6949,-1.52977099
"강서구",595485,6411,1.08831828,601691,6206,1.04217571,596949,-4742,-0.78811217,591796,-5153,-0.86322282,580185,-11611,-1.96199366,574315,-5870,-1.01174625
"구로구",417551,-4541,-1.07583181,410742,-6809,-1.630699,404497,-6245,-1.52041914,406664,2167,0.53572709,404408,-2256,-0.55475774,396754,-7654,-1.89264307
"금천구",235386,-898,-0.38005112,235154,-232,-0.09856151,233917,-1237,-0.52603826,232810,-1107,-0.47324478,231733,-1077,-0.46260899,230811,-922,-0.39787169
"영등포구",370613,-7891,-2.08478642,368550,-2063,-0.55664534,367778,-772,-0.20946954,367678,-100,-0.02719032,379480,11802,3.20987386,376837,-2643,-0.69647939
"동작구",400997,356,0.08885761,396217,-4780,-1.19202887,396203,-14,-0.00353342,395963,-240,-0.06057501,391220,-4743,-1.19783919,385483,-5737,-1.46643832
"관악구",506851,-2812,-0.55173713,503297,-3554,-0.70119226,501957,-1340,-0.26624438,500094,-1863,-0.37114733,495060,-5034,-1.00661076,485699,-9361,-1.89088191
"서초구",447192,428,0.09580002,441102,-6090,-1.36183116,433951,-7151,-1.62116699,430826,-3125,-0.72012739,425126,-5700,-1.32303993,412279,-12847,-3.02192762
"강남구",567115,-9380,-1.62707396,556164,-10951,-1.93100165,542364,-13800,-2.4812825,545169,2805,0.51718034,539231,-5938,-1.08920353,533042,-6189,-1.14774559
"송파구",657831,-2471,-0.3742227,664496,6665,1.01317816,666635,2139,0.3218981,675961,9326,1.39896645,667960,-8001,-1.18364817,658338,-9622,-1.44050542
"강동구",444168,-14490,-3.15921667,436223,-7945,-1.78873759,427573,-8650,-1.98293075,436067,8494,1.98656136,459970,23903,5.48149711,462664,2694,0.58569037
"중구",45208,-608,-1.32704732,44218,-990,-2.1898779,42795,-1423,-3.21814646,41910,-885,-2.0679986,41523,-387,-0.9234073,40524,-999,-2.40589553
"서구",112973,-2990,-2.57840863,110039,-2934,-2.59708072,110534,495,0.44984051,108229,-2305,-2.08533121,108135,-94,-0.08685288,105164,-2971,-2.74749156
"동구",89826,-2243,-2.43621632,88868,-958,-1.06650636,86912,-1956,-2.20101724,88165,1253,1.44168814,88901,736,0.83479839,87679,-1222,-1.37456272
"영도구",126362,-3023,-2.33643776,123521,-2841,-2.2483025,120109,-3412,-2.76228334,116711,-3398,-2.8290969,113342,-3369,-2.88661737,110638,-2704,-2.38569992
"부산진구",376526,-5046,-1.32242408,371703,-4823,-1.28092084,362357,-9346,-2.51437303,357880,-4477,-1.23552187,359886,2006,0.56052308,353159,-6727,-1.86920303
"동래구",272745,-92,-0.03371977,270727,-2018,-0.73988524,266515,-4212,-1.55581084,271247,4732,1.77550982,270745,-502,-0.18507117,266866,-3879,-1.43271344
"남구",278779,-4322,-1.52666363,273854,-4925,-1.76663235,279917,6063,2.21395342,274480,-5437,-1.94236149,267731,-6749,-2.45883124,262069,-5662,-2.11480927
"북구",310202,-282,-0.09082594,302924,-7278,-2.34621311,296952,-5972,-1.97145159,291132,-5820,-1.95991271,283952,-7180,-2.46623525,283211,-741,-0.2609596
"해운대구",419853,-2965,-0.70124735,412039,-7814,-1.86112759,409347,-2692,-0.65333621,406102,-3245,-0.79272598,402169,-3933,-0.9684759,396438,-5731,-1.42502281
"사하구",334603,-3178,-0.94084629,333301,-1302,-0.38911785,327791,-5510,-1.65316036,321004,-6787,-2.07052665,311757,-9247,-2.88064946,306003,-5754,-1.84566826
"금정구",244624,-1402,-0.56985847,244469,-155,-0.06336255,242956,-1513,-0.61889237,239062,-3894,-1.60275935,232666,-6396,-2.67545658,228049,-4617,-1.98438964
"강서구",108909,14301,15.11605784,117382,8473,7.77988963,122957,5575,4.74945051,129566,6609,5.37504981,137957,8391,6.47623605,142918,4961,3.59604804
"연제구",207268,-3450,-1.63725928,206742,-526,-0.25377772,207840,1098,0.53109673,209395,1555,0.74817167,209157,-238,-0.11366078,207144,-2013,-0.96243492
"수영구",179324,-471,-0.26196502,179996,672,0.37474069,176246,-3750,-2.08337963,176148,-98,-0.0556041,176894,746,0.42350751,175095,-1799,-1.01699323
"사상구",232800,-4911,-2.06595404,229219,-3581,-1.53823024,223361,-5858,-2.55563457,218094,-5267,-2.35806609,212586,-5508,-2.52551652,208298,-4288,-2.01706603
"기장군",158527,5434,3.54947646,161651,3124,1.97064222,164864,3213,1.98761529,164716,-148,-0.08977096,174545,9829,5.96724058,177125,2580,1.47812885
"중구",79712,-1216,-1.50257019,78986,-726,-0.9107788,79401,415,0.52540957,77421,-1980,-2.49367136,76547,-874,-1.12889268,74791,-1756,-2.29401544
"동구",351352,1624,0.46436087,349379,-1973,-0.56154512,351291,1912,0.5472567,345469,-5822,-1.65731545,341920,-3549,-1.02729912,341436,-484,-0.14155358
"서구",199507,-6521,-3.16510377,191992,-7515,-3.76678513,184372,-7620,-3.96891537,175277,-9095,-4.93296162,170700,-4577,-2.61129526,164528,-6172,-3.61570006
"남구",156433,-4419,-2.74724592,152845,-3588,-2.2936337,150501,-2344,-1.53357977,148113,-2388,-1.58670042,146632,-1481,-0.99991223,143175,-3457,-2.35760271
"북구",440383,-2736,-0.61744136,441375,992,0.22525847,439489,-1886,-0.42730105,437710,-1779,-0.40478829,440263,2553,0.58326289,437008,-3255,-0.73933081
"수성구",447011,-4775,-1.05691633,439211,-7800,-1.7449235,432759,-6452,-1.46899782,428614,-4145,-0.95780793,424314,-4300,-1.00323368,417097,-7217,-1.70086304
"달서구",591891,-10750,-1.78381491,578068,-13823,-2.33539621,573413,-4655,-0.80526858,568887,-4526,-0.78930893,558631,-10256,-1.80281849,544926,-13705,-2.45331892
"달성군",218268,25521,13.24067301,243375,25107,11.50283138,250543,7168,2.9452491,256540,5997,2.3936011,259339,2799,1.09105792,262451,3112,1.19997378
"중구",115249,756,0.66030238,117999,2750,2.38613784,122499,4500,3.81359164,135135,12636,10.31518625,139729,4594,3.3995634,143633,3904,2.79397978
"중구영종출장소",-,-,-,-,-,-,-,-,-,-,-,-,0,,,-,-,-
"중구용유출장소",-,-,-,-,-,-,-,-,-,-,-,-,0,,,-,-,-
"동구",71014,-1557,-2.14548511,69487,-1527,-2.15028023,66233,-3254,-4.68289032,64427,-1806,-2.72673743,62542,-1885,-2.92579198,61486,-1056,-1.68846535
"남구",417103,12210,3.01561153,419267,2164,0.5188167,-,-,-,-,-,-,-,-,-,-,-,-
"미추홀구",-,-,-,-,-,-,416542,,,408862,-7680,-1.84375165,404343,-4519,-1.1052629,407464,3121,0.77186943
"연수구",328627,9575,3.00107819,335142,6515,1.98249079,346359,11217,3.34693951,366550,20191,5.8295006,387450,20900,5.70181421,389644,2194,0.56626662
"남동구",530982,-413,-0.07771996,536578,5596,1.05389637,537161,583,0.10865149,532704,-4457,-0.82973261,525354,-7350,-1.37975311,518272,-7082,-1.34804341
"부평구",549716,-6128,-1.1024676,539941,-9775,-1.77819092,524640,-15301,-2.83382814,511577,-13063,-2.48989783,494962,-16615,-3.24780043,486765,-8197,-1.65608673
"계양구",330284,-4048,-1.21077253,323784,-6500,-1.96800329,312680,-11104,-3.42944679,303471,-9209,-2.94518357,296750,-6721,-2.21470915,295696,-1054,-0.35518113
"서구",510733,6127,1.21421465,516017,5284,1.03459146,538596,22579,4.37563104,544556,5960,1.10658081,542040,-2516,-0.46202778,555380,13340,2.46107298
"서구검단출장소",-,-,-,-,-,-,-,-,-,-,-,-,0,,,-,-,-
"강화군",68010,343,0.50689405,68754,744,1.09395677,68896,142,0.20653344,69178,282,0.40931259,69203,25,0.03613866,69693,490,0.70806179
"옹진군",21351,389,1.85573896,21573,222,1.03976395,21036,-537,-2.48922264,20566,-470,-2.23426507,20455,-111,-0.53972576,20342,-113,-0.55243217
"동구",95791,-2993,-3.02984289,95448,-343,-0.35807122,94475,-973,-1.01940324,98585,4110,4.35035724,102897,4312,4.37389055,103470,573,0.55686755
"서구",309579,4551,1.49199418,306957,-2622,-0.84695667,304172,-2785,-0.9072932,300975,-3197,-1.05105006,296576,-4399,-1.46158319,291231,-5345,-1.80223619
"남구",219729,-1589,-0.71797143,218454,-1275,-0.58026023,216369,-2085,-0.95443434,218060,1691,0.78153525,214579,-3481,-1.59634963,215575,996,0.46416471
"북구",441066,-5250,-1.17629661,438780,-2286,-0.51828978,439773,993,0.22630931,433533,-6240,-1.41891385,430431,-3102,-0.71551647,427114,-3317,-0.77062293
"광산구",403049,2296,0.57292148,404131,1082,0.26845371,404547,416,0.10293692,405315,768,0.18984197,405579,264,0.06513452,404221,-1358,-0.33482996
"동구",234959,-4620,-1.9283827,230516,-4443,-1.89096821,229071,-1445,-0.62685454,226771,-2300,-1.00405551,223021,-3750,-1.6536506,222222,-799,-0.35826223
"중구",252490,-3696,-1.44270179,248933,-3557,-1.40876866,244421,-4512,-1.8125359,240473,-3948,-1.61524583,235550,-4923,-2.04721528,230341,-5209,-2.21142008
"서구",491011,152,0.03096612,487448,-3563,-0.72564566,484663,-2785,-0.57134299,481222,-3441,-0.70997786,477880,-3342,-0.69448196,473365,-4515,-0.94479786
"유성구",343222,7910,2.35899699,348428,5206,1.51680254,349790,1362,0.39089855,349373,-417,-0.11921439,351047,1674,0.47914407,351277,230,0.06551829
"대덕구",192688,-4151,-2.10883006,186902,-5786,-3.0027817,181991,-4911,-2.62758023,177031,-4960,-2.7254095,176384,-647,-0.36547271,175046,-1338,-0.75857221
"중구",242536,-1945,-0.79556285,238652,-3884,-1.60141175,231973,-6679,-2.79863567,223581,-8392,-3.6176624,217595,-5986,-2.67732947,212883,-4712,-2.16549093
"남구",340714,-2884,-0.83935296,335439,-5275,-1.54821933,330732,-4707,-1.40323576,323819,-6913,-2.09021201,320064,-3755,-1.15959842,313819,-6245,-1.95117227
"동구",174514,-449,-0.25662569,169605,-4909,-2.81295483,164642,-4963,-2.9262109,159656,-4986,-3.02838887,156806,-2850,-1.78508794,154096,-2710,-1.72825019
"북구",195285,4222,2.20974234,200718,5433,2.78208772,206434,5716,2.84777648,217796,11362,5.5039383,219014,1218,0.55923892,218735,-279,-0.12738912
"울주군",219255,-174,-0.07929672,220718,1463,0.66725958,221842,1124,0.50924709,223167,1325,0.59727193,222538,-629,-0.28185171,222059,-479,-0.21524414
"세종시",243048,32164,15.25198687,280100,37052,15.24472532,314126,34026,12.14780436,340575,26449,8.41986973,355831,15256,4.47948323,371895,16064,4.51450267
"수원시",1194041,9417,0.79493578,1202628,8587,0.71915453,1201166,-1462,-0.1215671,1194465,-6701,-0.5578746,1186078,-8387,-0.70215536,1183714,-2364,-0.19931236
"장안구",296479,-2537,-0.84844958,293828,-2651,-0.89416114,286433,-7395,-2.51677852,278377,-8056,-2.81252509,273661,-4716,-1.69410548,273835,174,0.06358232
"권선구",358393,7340,2.09085238,365653,7260,2.02570921,377647,11994,3.28015906,371754,-5893,-1.56045196,368645,-3109,-0.83630573,364136,-4509,-1.22312794
"팔달구",198515,-665,-0.33386886,193311,-5204,-2.62146437,180974,-12337,-6.38194412,175866,-5108,-2.82250489,174930,-936,-0.5322234,182321,7391,4.22511862
"영통구",340654,5279,1.57405889,349836,9182,2.69540355,356112,6276,1.79398347,368468,12356,3.46969493,368842,374,0.10150135,363422,-5420,-1.46946389
"성남시",974580,3156,0.32488388,967510,-7070,-0.7254407,954347,-13163,-1.36050273,942724,-11623,-1.21790083,940064,-2660,-0.28216106,930948,-9116,-0.96972121
"수정구",232841,13310,6.06292505,236932,4091,1.75699297,234133,-2799,-1.18135161,234678,545,0.23277368,241701,7023,2.99261115,235988,-5713,-2.3636642
"중원구",237909,-12095,-4.83792259,230366,-7543,-3.17054,224885,-5481,-2.37925736,220041,-4844,-2.15398982,216131,-3910,-1.77694157,210777,-5354,-2.47720133
"분당구",503830,1941,0.3867389,500212,-3618,-0.71809936,495329,-4883,-0.9761861,488005,-7324,-1.4786132,482232,-5773,-1.18297968,484183,1951,0.40457705
"의정부시",438457,4520,1.04162586,441584,3127,0.71318282,447026,5442,1.23238161,451868,4842,1.08315847,461710,9842,2.1780697,463661,1951,0.42255962
"안양시",597414,-375,-0.06273116,587764,-9650,-1.61529526,576831,-10933,-1.86010031,567044,-9787,-1.69668412,550027,-17017,-3.00100169,547178,-2849,-0.51797457
"만안구",252353,5083,2.05564767,254977,2624,1.03981328,251512,-3465,-1.3589461,244235,-7277,-2.89330131,239413,-4822,-1.974328,238311,-1102,-0.46029247
"동안구",345061,-5458,-1.55711959,332787,-12274,-3.55705223,325319,-7468,-2.24407804,322809,-2510,-0.77155039,310614,-12195,-3.77777571,308867,-1747,-0.5624344
"부천시",851380,2393,0.28186533,850329,-1051,-0.12344664,843768,-6561,-0.7715837,829996,-13772,-1.63220222,818383,-11613,-1.39916337,806067,-12316,-1.50491885
"광명시",339484,-5494,-1.59256532,332790,-6694,-1.97181605,326841,-5949,-1.78761381,316552,-10289,-3.14801387,298599,-17953,-5.67142207,292893,-5706,-1.91092402
"평택시",470832,10300,2.23654382,481530,10698,2.27214803,495642,14112,2.93065853,513027,17385,3.507572,537307,24280,4.73269438,564288,26981,5.02152401
"송탄출장소",-,-,-,-,-,-,-,-,-,-,-,-,0,,,-,-,-
"안중출장소",-,-,-,-,-,-,-,-,-,-,-,-,0,,,-,-,-
"동두천시",98277,303,0.30926572,97071,-1206,-1.22714369,96226,-845,-0.87049685,94768,-1458,-1.51518301,94353,-415,-0.43791153,93592,-761,-0.80654563
"안산시",689859,-8026,-1.15004621,677710,-12149,-1.76108451,660343,-17367,-2.56260052,650918,-9425,-1.42728855,654915,3997,0.61405584,652726,-2189,-0.33424185
"상록구",375857,-3660,-0.96438368,370744,-5113,-1.3603578,356311,-14433,-3.89298276,344613,-11698,-3.28308697,351888,7275,2.11106371,350668,-1220,-0.34670122
"단원구",314002,-4366,-1.37136898,306966,-7036,-2.24075006,304032,-2934,-0.95580618,306305,2273,0.74761867,303027,-3278,-1.07017515,302058,-969,-0.31977349
"고양시",1039684,12138,1.18126098,1041983,2299,0.22112488,1044189,2206,0.21171171,1066351,22162,2.1224127,1079216,12865,1.20645078,1079353,137,0.0126944
"덕양구",446233,4245,0.96043331,448684,2451,0.54926462,450449,1765,0.39337262,466157,15708,3.48718723,476962,10805,2.31788861,482927,5965,1.25062374
"일산동구",292612,6954,2.43437957,293673,1061,0.3625962,296223,2550,0.86831272,297671,1448,0.48882092,299716,2045,0.68700008,298873,-843,-0.28126627
"일산서구",300839,939,0.31310437,299626,-1213,-0.4032057,297517,-2109,-0.7038775,302523,5006,1.68259293,302538,15,0.0049583,297553,-4985,-1.6477269
"과천시",63778,-5168,-7.49572129,57527,-6251,-9.80118536,58142,615,1.06906322,58289,147,0.25282928,63231,4942,8.47844362,73345,10114,15.99531875
"구리시",193763,7042,3.77140225,200042,6279,3.24055676,203553,3511,1.75513142,199265,-4288,-2.10657667,197454,-1811,-0.90883999,191948,-5506,-2.78849757
"남양주시",662154,8700,1.33138675,665321,3167,0.47828753,681828,16507,2.48105802,701830,20002,2.93358442,713321,11491,1.63729108,733798,20477,2.87065711
"풍양출장소",-,-,-,-,-,-,-,-,-,-,-,-,0,,,-,-,-
"오산시",208656,1828,0.88382617,213437,4781,2.29133119,220070,6633,3.1077086,226379,6309,2.8668151,229725,3346,1.47805229,229983,258,0.11230819
"시흥시",402888,4632,1.16307099,419664,16776,4.16393638,448687,29023,6.91577071,473682,24995,5.5706985,500895,27213,5.74499348,512030,11135,2.22302079
"군포시",284890,-2629,-0.91437435,281205,-3685,-1.29348169,276916,-4289,-1.52522181,275852,-1064,-0.38423204,273791,-2061,-0.74713977,268535,-5256,-1.91971248
"의왕시",156763,-977,-0.61937365,155767,-996,-0.63535401,153932,-1835,-1.17804156,161153,7221,4.6910324,163795,2642,1.63943582,163356,-439,-0.26801795
"하남시",211101,44388,26.62539814,232487,21386,10.13069573,254415,21928,9.43192523,272455,18040,7.09077688,293452,20997,7.70659375,320087,26635,9.0764418
"용인시",991126,15380,1.57622988,1004081,12955,1.3070992,1035126,31045,3.09188203,1059609,24483,2.36521931,1074176,14567,1.37475239,1077508,3332,0.31019125
"처인구",226130,4783,2.16086055,231553,5423,2.39817804,249118,17565,7.58573631,253896,4778,1.91796659,257498,3602,1.41869112,260198,2700,1.04855183
"기흥구",417163,8001,1.95546018,419429,2266,0.54319295,427719,8290,1.97649662,436679,8960,2.09483329,440835,4156,0.95172884,441742,907,0.20574591
"수지구",347833,2596,0.75194721,353099,5266,1.51394491,358289,5190,1.46984274,369034,10745,2.99897569,375843,6809,1.84508744,375568,-275,-0.07316885
"파주시",430781,7460,1.76225607,437848,7067,1.64050875,451848,14000,3.19745665,454040,2192,0.48511889,465617,11577,2.54977535,483245,17628,3.78594424
"이천시",210359,5424,2.64669285,213142,2783,1.32297644,214206,1064,0.49919772,215834,1628,0.76001606,218388,2554,1.18331681,223177,4789,2.19288606
"안성시",182896,2697,1.49667867,182786,-110,-0.06014347,183579,793,0.43384067,183405,-174,-0.09478208,187012,3607,1.96668575,189534,2522,1.34857656
"김포시",363443,13453,3.84382411,392092,28649,7.88266661,423170,31078,7.92620099,437221,14051,3.32041496,473970,36749,8.4051315,486508,12538,2.6453151
"화성시",640890,44365,7.43724069,691086,50196,7.8322333,758722,67636,9.78691509,815396,56674,7.4696661,855248,39852,4.88744119,887015,31767,3.71436121
"화성시동부출장소",-,-,-,-,-,-,-,-,-,-,-,-,0,,,-,-,-
"화성시동탄출장소",-,-,-,-,-,-,-,-,-,-,-,-,0,,,-,-,-
"광주시",327723,15144,4.84485522,345947,18224,5.56079372,363782,17835,5.15541398,372654,8872,2.43882325,382054,9400,2.5224471,387289,5235,1.37022515
"양주시",205513,329,0.16034389,212146,6633,3.22753305,216951,4805,2.26494961,222314,5363,2.47198676,230359,8045,3.61875545,236368,6009,2.60853711
"포천시",154763,-429,-0.27643177,152925,-1838,-1.18762236,150676,-2249,-1.47065555,148379,-2297,-1.52446309,147274,-1105,-0.74471455,148939,1665,1.13054579
"여주시",111563,530,0.47733557,111984,421,0.37736526,111525,-459,-0.40987998,111083,-442,-0.39632369,111897,814,0.73278539,112150,253,0.22610079
"연천군",45907,182,0.39803171,45431,-476,-1.03687891,44633,-798,-1.75650987,43824,-809,-1.81256021,43516,-308,-0.70281124,42721,-795,-1.82691424
"가평군",62448,440,0.70958586,62973,525,0.84069946,62918,-55,-0.08733902,62415,-503,-0.79945326,62377,-38,-0.0608828,62264,-113,-0.18115652
"양평군",111367,3051,2.81675837,115105,3738,3.35647005,116095,990,0.86008427,116874,779,0.6710022,118810,1936,1.65648476,121230,2420,2.03686558
"강원도",1550806,1299,0.08383312,1550142,-664,-0.04281645,1543052,-7090,-0.45737745,1541502,-1550,-0.10045028,1542840,1338,0.08679846,1538492,-4348,-0.28181795
"춘천시",280707,2710,0.97483066,280514,-193,-0.06875497,280640,126,0.04491754,281291,651,0.23196978,282765,1474,0.5240125,284594,1829,0.64682687
"원주시",337979,4984,1.49671917,341337,3358,0.99355285,344070,2733,0.80067499,349215,5145,1.49533525,354376,5161,1.47788612,357757,3381,0.95407138
"강릉시",213846,-714,-0.33277405,213952,106,0.04956838,212957,-995,-0.46505758,213442,485,0.22774551,213321,-121,-0.05668987,212965,-356,-0.16688465
"동해시",93297,-598,-0.63688162,92851,-446,-0.47804324,91272,-1579,-1.70057404,90522,-750,-0.82171969,90593,71,0.07843397,90081,-512,-0.56516508
"태백시",47070,-431,-0.90734932,45888,-1182,-2.5111536,44858,-1030,-2.24459554,43866,-992,-2.21142271,42719,-1147,-2.61478138,40844,-1875,-4.38914769
"속초시",81793,-199,-0.24270661,82273,480,0.58684729,81682,-591,-0.71834016,81786,104,0.12732303,82665,879,1.07475607,82791,126,0.15242243
"삼척시",69599,-1240,-1.7504482,68514,-1085,-1.55893044,68326,-188,-0.27439647,67228,-1098,-1.60700173,65243,-1985,-2.95263878,63429,-1814,-2.78037491
"홍천군",70076,-260,-0.36965423,70340,264,0.37673383,69949,-391,-0.55587148,69150,-799,-1.14226079,69242,92,0.13304411,68365,-877,-1.26657231
"횡성군",45991,214,0.46748367,46281,290,0.63055815,46726,445,0.96151769,46575,-151,-0.32316055,46472,-103,-0.22114868,46481,9,0.0193665
"영월군",40073,-143,-0.35557987,40067,-6,-0.01497267,39730,-337,-0.84109117,39127,-603,-1.51774478,38662,-465,-1.18843765,37904,-758,-1.96058145
"평창군",43318,-182,-0.4183908,43092,-226,-0.52172307,42610,-482,-1.11853708,42106,-504,-1.18282093,41681,-425,-1.00935734,40996,-685,-1.64343466
"정선군",38718,-479,-1.2220323,38173,-545,-1.40761403,37700,-473,-1.2390957,37271,-429,-1.13793103,36870,-401,-1.07590352,35675,-1195,-3.24111744
"철원군",48013,-786,-1.61068874,47185,-828,-1.72453294,46413,-772,-1.63611317,45584,-829,-1.7861375,44699,-885,-1.94147069,43340,-1359,-3.04033647
"화천군",26264,-756,-2.79792746,26022,-242,-0.92141334,25084,-938,-3.60464223,24917,-167,-0.66576304,24857,-60,-0.24079945,24195,-662,-2.6632337
"양구군",24010,-79,-0.32795052,23835,-175,-0.72886297,23408,-427,-1.79148311,22764,-644,-2.75119617,22278,-486,-2.13494992,21748,-530,-2.37902864
"인제군",32720,-535,-1.60878063,32582,-138,-0.42176039,32136,-446,-1.36885397,31672,-464,-1.44386358,31694,22,0.06946199,32165,471,1.48608569
"고성군",30114,54,0.17964072,30029,-85,-0.28226074,28144,-1885,-6.27726531,27260,-884,-3.1409892,26757,-503,-1.84519442,27249,492,1.83877116
"양양군",27218,-261,-0.94981622,27207,-11,-0.04041443,27347,140,0.51457346,27726,379,1.38589242,27946,220,0.79347904,27913,-33,-0.11808488
"충청북도",1591625,7673,0.48442125,1594432,2807,0.17636064,1599252,4820,0.30230201,1600007,755,0.04720957,1600837,830,0.05187477,1597427,-3410,-0.21301357
"청주시",835197,3285,0.3948735,835590,393,0.04705477,837749,2159,0.25838031,839566,1817,0.21689074,844993,5427,0.6464054,848482,3489,0.41290283
"서원구",217120,-2925,-1.32927356,216782,-338,-0.15567428,209404,-7378,-3.4034191,203209,-6195,-2.95839621,194720,-8489,-4.17747245,192899,-1821,-0.93518899
"청원구",190813,8796,4.83251564,193767,2954,1.54811255,197225,3458,1.78461761,195868,-1357,-0.68804665,194373,-1495,-0.76326914,194327,-46,-0.02366584
"상당구",173701,-2723,-1.5434408,171129,-2572,-1.48070535,176818,5689,3.32439271,178352,1534,0.86755873,190034,11682,6.5499686,193827,3793,1.99595862
"흥덕구",253563,137,0.05405917,253912,349,0.13763838,254302,390,0.15359652,262137,7835,3.08098245,265866,3729,1.4225386,267429,1563,0.58789014
"충주시",208350,437,0.21018407,208316,-34,-0.01631869,210504,2188,1.05032739,210737,233,0.11068673,210186,-551,-0.26146334,209358,-828,-0.3939368
"제천시",136517,379,0.27839398,136432,-85,-0.06226331,135386,-1046,-0.7666823,134617,-769,-0.56800555,133018,-1599,-1.18781432,131591,-1427,-1.07278714
"보은군",34221,-75,-0.21868439,34053,-168,-0.49092662,33680,-373,-1.09535136,32949,-731,-2.17042755,32412,-537,-1.6297915,31878,-534,-1.64753795
"옥천군",52267,-137,-0.26143043,51766,-501,-0.95853981,51465,-301,-0.58146274,51023,-442,-0.8588361,50527,-496,-0.97211062,50093,-434,-0.8589467
"영동군",50552,-141,-0.27814491,50240,-312,-0.61718626,49715,-525,-1.04498408,48738,-977,-1.96520165,47475,-1263,-2.59140712,45773,-1702,-3.58504476
"증평군",37308,637,1.73706744,37783,475,1.27318538,37317,-466,-1.23335892,37392,75,0.20098079,36807,-585,-1.56450578,36426,-381,-1.03512919
"진천군",69950,1969,2.89639752,73677,3727,5.32809149,78218,4541,6.16338885,81084,2866,3.66411823,83718,2634,3.24848305,85176,1458,1.74156095
"괴산군",38973,186,0.47954211,39054,81,0.20783619,39133,79,0.20228402,39163,30,0.07666164,39393,230,0.58728902,38122,-1271,-3.22646155
"음성군",97787,1391,1.44300593,97306,-481,-0.49188542,95830,-1476,-1.51686432,94982,-848,-0.88490034,93153,-1829,-1.92562801,92197,-956,-1.02626861
"단양군",30503,-258,-0.83872436,30215,-288,-0.94416943,30255,40,0.13238458,29756,-499,-1.64931416,29155,-601,-2.01976072,28331,-824,-2.82627337
"충청남도",2096727,19078,0.91824943,2116770,20043,0.95591844,2126282,9512,0.44936389,2123709,-2573,-0.12100935,2121029,-2680,-0.12619431,2119257,-1772,-0.08354436
"당진시",166630,1508,0.91326413,167439,809,0.48550681,167770,331,0.19768393,167042,-728,-0.4339274,166249,-793,-0.47473091,167092,843,0.50707072
"천안시",617955,12179,2.01047912,631531,13576,2.19692372,646075,14544,2.30297483,652258,6183,0.95700964,658808,6550,1.00420386,658486,-322,-0.04887615
"동남구",258919,-2555,-0.9771526,255878,-3041,-1.17449859,257978,2100,0.82070362,259411,1433,0.55547372,258009,-1402,-0.54045511,255292,-2717,-1.05306404
"서북구",359036,14734,4.27938264,375653,16617,4.6282267,388097,12444,3.3126316,392847,4750,1.22392082,400799,7952,2.02419772,403194,2395,0.59755638
"공주시",109931,-1330,-1.19538742,108432,-1499,-1.36358261,107581,-851,-0.78482367,106474,-1107,-1.02899211,104545,-1929,-1.8117099,103145,-1400,-1.33913626
"보령시",103873,-881,-0.841018,103198,-675,-0.64983201,101990,-1208,-1.17056532,101114,-876,-0.85890774,100229,-885,-0.87524972,98408,-1821,-1.81683944
"아산시",302929,5192,1.74382089,311453,8524,2.81386067,312822,1369,0.43955268,314395,1573,0.50284187,316129,1734,0.55153549,324580,8451,2.67327578
"서산시",170788,689,0.40505823,171678,890,0.5211139,174162,2484,1.44689477,174690,528,0.30316602,175591,901,0.51577079,176645,1054,0.60025856
"논산시",123213,-1019,-0.82023955,122240,-973,-0.7896894,120230,-2010,-1.64430628,118842,-1388,-1.15445396,116675,-2167,-1.82342943,114483,-2192,-1.87872295
"계룡시",42634,904,2.16630721,43967,1333,3.12661256,43731,-236,-0.53676621,42971,-760,-1.7378976,42822,-149,-0.34674548,43331,509,1.18864135
"금산군",54612,-267,-0.4865249,53894,-718,-1.31472936,53222,-672,-1.24689205,52257,-965,-1.81315997,51413,-844,-1.61509463,50477,-936,-1.82055122
"부여군",70187,-956,-1.3437724,69086,-1101,-1.56866656,68078,-1008,-1.45905104,66740,-1338,-1.96539264,65354,-1386,-2.07671561,63774,-1580,-2.4176026
"서천군",56012,-898,-1.57793007,55175,-837,-1.49432265,53922,-1253,-2.27095605,52805,-1117,-2.0715107,51866,-939,-1.7782407,50745,-1121,-2.16133883
"청양군",32753,268,0.82499615,32837,84,0.25646506,32296,-541,-1.64753175,31717,-579,-1.79279168,30948,-769,-2.42456727,30440,-508,-1.6414631
"홍성군",99971,5418,5.73011962,101570,1599,1.59946384,101082,-488,-0.48045683,100423,-659,-0.65194594,100102,-321,-0.31964789,99324,-778,-0.77720725
"예산군",81339,-2145,-2.56935461,80338,-1001,-1.23065196,80083,-255,-0.31740895,79238,-845,-1.05515528,78084,-1154,-1.45637194,76801,-1283,-1.6431023
"태안군",63900,416,0.65528322,63932,32,0.05007825,63238,-694,-1.08552837,62743,-495,-0.7827572,62214,-529,-0.84312194,61526,-688,-1.10586042
"전라북도",1864791,-4920,-0.26314227,1854607,-10184,-0.54612018,1836832,-17775,-0.95842408,1818917,-17915,-0.97532055,1804104,-14813,-0.8143857,1786855,-17249,-0.95609787
"전주시",651744,-538,-0.08247966,648964,-2780,-0.42654785,651091,2127,0.32775316,654394,3303,0.50730236,657432,3038,0.46424631,657269,-163,-0.02479344
"완산구",361845,-3760,-1.02843232,359012,-2833,-0.78293192,345065,-13947,-3.88482836,338839,-6226,-1.80429774,339718,879,0.25941524,335804,-3914,-1.15213206
"덕진구",289899,3222,1.12391298,289952,53,0.01828223,306026,16074,5.54367619,315555,9529,3.11378772,317714,2159,0.68419135,321465,3751,1.18062157
"전주시효자출장소",-,-,-,-,-,-,-,-,-,-,-,-,0,,,-,-,-
"군산시",277551,-847,-0.30424069,274997,-2554,-0.92019124,272645,-2352,-0.85528206,270131,-2514,-0.92207816,267859,-2272,-0.84107341,265304,-2555,-0.95386005
"익산시",300479,-1582,-0.52373527,300187,-292,-0.09717817,294062,-6125,-2.04039482,287771,-6291,-2.13934476,282276,-5495,-1.90950443,278113,-4163,-1.47479772
"익산시함열출장소",-,-,-,-,-,-,-,-,-,-,-,-,0,,,-,-,-
"정읍시",115173,-804,-0.6932409,113776,-1397,-1.2129579,112169,-1607,-1.41242441,110541,-1628,-1.4513814,108508,-2033,-1.83913661,106487,-2021,-1.86253548
"남원시",84188,-668,-0.78721599,83281,-907,-1.07735069,82554,-727,-0.87294821,81441,-1113,-1.34820845,80662,-779,-0.95652067,79431,-1231,-1.52612135
"김제시",87782,-939,-1.058374,86926,-856,-0.97514297,85331,-1595,-1.83489405,83895,-1436,-1.68285852,82450,-1445,-1.72239108,80913,-1537,-1.8641601
"완주군",95480,177,0.18572343,95975,495,0.51843318,94444,-1531,-1.59520709,92220,-2224,-2.35483461,91609,-611,-0.66254609,91142,-467,-0.50977524
"진안군",26069,-134,-0.51139183,26271,202,0.7748667,25963,-308,-1.17239542,25697,-266,-1.02453492,25394,-303,-1.17912597,24987,-407,-1.6027408
"무주군",24949,-271,-1.07454401,24809,-140,-0.56114474,24589,-220,-0.88677496,24303,-286,-1.16312172,24036,-267,-1.0986298,23748,-288,-1.1982027
"장수군",23628,351,1.50792628,23003,-625,-2.64516675,23221,218,0.94770247,22441,-780,-3.35902847,22085,-356,-1.58638207,21695,-390,-1.76590446
"임실군",30197,-74,-0.24445839,30162,-35,-0.11590555,30072,-90,-0.2983887,28902,-1170,-3.89066241,27314,-1588,-5.49442945,26730,-584,-2.13809768
"순창군",29949,-299,-0.98849511,29698,-251,-0.83809142,29209,-489,-1.64657553,28382,-827,-2.83131911,27810,-572,-2.01536185,26855,-955,-3.43401654
"고창군",60597,551,0.91762982,60472,-125,-0.20628084,57041,-3431,-5.67370022,55504,-1537,-2.69455304,54529,-975,-1.75663015,53386,-1143,-2.09613233
"부안군",57005,157,0.27617506,56086,-919,-1.61213929,54441,-1645,-2.93299576,53295,-1146,-2.10503113,52140,-1155,-2.16718266,50795,-1345,-2.5795934
"전라남도",1903914,-5082,-0.26621323,1896424,-7490,-0.39340012,1882970,-13454,-0.7094405,1868745,-14225,-0.75545548,1851549,-17196,-0.92018975,1832803,-18746,-1.01244958
"목포시",237739,-643,-0.26973513,234379,-3360,-1.4133146,232327,-2052,-0.87550506,229861,-2466,-1.06143496,224044,-5817,-2.53065983,218589,-5455,-2.43478959
"여수시",288988,-1180,-0.40666097,286382,-2606,-0.90176755,283300,-3082,-1.07618496,282786,-514,-0.18143311,280242,-2544,-0.89962021,276762,-3480,-1.24178389
"순천시",278548,-217,-0.07784334,279331,783,0.28110056,279389,58,0.0207639,279598,209,0.07480609,282189,2591,0.9266876,281436,-753,-0.26684244
"나주시",104376,6194,6.30869202,110110,5734,5.49360006,113839,3729,3.38661339,114664,825,0.7247077,115613,949,0.82763553,116726,1113,0.96269451
"광양시",155580,1993,1.29763587,155857,277,0.17804345,156564,707,0.45362095,156750,186,0.11880126,151769,-4981,-3.17767145,150531,-1238,-0.81571335
"담양군",47229,220,0.46799549,47285,56,0.11857122,46917,-368,-0.77825949,46535,-382,-0.81420381,46280,-255,-0.54797464,46180,-100,-0.21607606
"곡성군",30400,-272,-0.8868023,30131,-269,-0.88486842,29624,-507,-1.68265242,28887,-737,-2.48784769,28039,-848,-2.93557656,27535,-504,-1.79749634
"구례군",27412,104,0.38084078,27525,113,0.41222822,27117,-408,-1.48228883,26563,-554,-2.04299886,25719,-844,-3.17735196,25235,-484,-1.88187721
"고흥군",67656,-945,-1.37753094,66736,-920,-1.35982027,65777,-959,-1.43700551,64913,-864,-1.31352905,63922,-991,-1.52665876,62762,-1160,-1.81471168
"보성군",44469,-880,-1.94050585,43755,-714,-1.6056129,42803,-952,-2.17575134,41420,-1383,-3.23108193,40482,-938,-2.26460647,39375,-1107,-2.73454869
"화순군",65303,-545,-0.82766371,64680,-623,-0.95401436,63933,-747,-1.15491651,62737,-1196,-1.8707084,62522,-215,-0.34270048,62624,102,0.16314257
"장흥군",40669,-2844,-6.53597775,40136,-533,-1.31058054,39312,-824,-2.05301973,38563,-749,-1.90527066,37800,-763,-1.9785805,36547,-1253,-3.31481481
"강진군",37753,-1005,-2.59301306,36868,-885,-2.34418457,36144,-724,-1.96376261,35286,-858,-2.37383798,34597,-689,-1.95261577,33753,-844,-2.43951788
"해남군",75121,-1073,-1.40824737,73604,-1517,-2.01940869,71901,-1703,-2.31373295,70354,-1547,-2.15156952,68806,-1548,-2.20030133,67166,-1640,-2.38351307
"영암군",57045,-1092,-1.87832189,55616,-1429,-2.50503988,54731,-885,-1.5912687,54593,-138,-0.2521423,53699,-894,-1.63757258,52937,-762,-1.41902084
"무안군",82109,-127,-0.15443358,82872,763,0.92925258,81991,-881,-1.06308524,81105,-886,-1.08060641,86132,5027,6.19813822,91107,4975,5.7760182
"함평군",34397,-479,-1.37343732,34328,-69,-0.20059889,33420,-908,-2.64507108,32861,-559,-1.67265111,32050,-811,-2.46797115,31274,-776,-2.42121685
"영광군",55618,-649,-1.15342919,54774,-844,-1.51749434,54127,-647,-1.18121737,53852,-275,-0.50806437,53099,-753,-1.39827676,51985,-1114,-2.09796795
"장성군",46104,-256,-0.55220017,46111,7,0.01518306,45795,-316,-0.68530286,45739,-56,-0.12228409,44464,-1275,-2.78755548,43365,-1099,-2.47166247
"완도군",52668,-346,-0.65265779,52109,-559,-1.06136554,51477,-632,-1.21284231,50689,-788,-1.53078074,49916,-773,-1.5249857,48631,-1285,-2.57432487
"진도군",32078,-398,-1.22552038,31765,-313,-0.97574662,31219,-546,-1.71887297,30715,-504,-1.61440149,31227,512,1.66693798,30066,-1161,-3.7179364
"신안군",42652,-642,-1.48288446,42070,-582,-1.36453156,41263,-807,-1.91823152,40274,-989,-2.3968204,38938,-1336,-3.31727665,38217,-721,-1.85166162
"경상북도",2700398,-2428,-0.0898319,2691706,-8692,-0.32187848,2676831,-14875,-0.5526235,2665836,-10995,-0.41074689,2639422,-26414,-0.99083364,2626609,-12813,-0.48544719
"포항시",516775,-2809,-0.54062481,513832,-2943,-0.56949349,510013,-3819,-0.74323904,507025,-2988,-0.58586742,502916,-4109,-0.81041369,503852,936,0.18611458
"남구",244748,-1697,-0.68859178,242469,-2279,-0.93116185,239400,-3069,-1.26572881,235633,-3767,-1.57351713,230422,-5211,-2.2114899,230801,379,0.16448082
"북구",272027,-1112,-0.40711872,271363,-664,-0.24409342,270613,-750,-0.27638256,271392,779,0.28786496,272494,1102,0.40605471,273051,557,0.20440817
"경주시",259452,-321,-0.12356942,257903,-1549,-0.59702758,256864,-1039,-0.40286464,255402,-1462,-0.56917279,253502,-1900,-0.74392526,251889,-1613,-0.63628689
"김천시",142256,2124,1.51571376,142908,652,0.45832865,141104,-1804,-1.2623506,141229,125,0.08858714,140548,-681,-0.48219558,140239,-309,-0.21985372
"안동시",168798,-423,-0.24996898,166272,-2526,-1.49646323,162180,-4092,-2.46102771,160052,-2128,-1.31212233,158907,-1145,-0.7153925,156972,-1935,-1.21769337
"구미시",419891,-24,-0.00571544,421799,1908,0.45440364,421494,-305,-0.07230932,419742,-1752,-0.41566428,416328,-3414,-0.81335678,412581,-3747,-0.90001153
"영주시",109247,-488,-0.4447077,108371,-876,-0.80185268,106801,-1570,-1.44872706,105067,-1734,-1.6235803,103119,-1948,-1.85405503,101942,-1177,-1.14139974
"영천시",100521,-127,-0.12618234,100615,94,0.0935128,101595,980,0.97400984,102470,875,0.86126286,102015,-455,-0.4440324,101888,-127,-0.1244915
"상주시",101799,-575,-0.56166605,100947,-852,-0.83694339,100297,-650,-0.64390225,100688,391,0.38984217,97228,-3460,-3.43635786,95566,-1662,-1.70938413
"문경시",74702,-1082,-1.427742,73294,-1408,-1.88482236,71874,-1420,-1.93740279,72242,368,0.51200712,71406,-836,-1.15722156,71154,-252,-0.35291152
"경산시",258037,1149,0.44727663,259485,1448,0.56115983,261093,1608,0.619689,263185,2092,0.80124707,263728,543,0.20631875,268369,4641,1.75976764
"군위군",24171,45,0.18652077,24215,44,0.18203632,23919,-296,-1.22238282,23843,-76,-0.31773904,23256,-587,-2.46193851,22945,-311,-1.3372893
"의성군",54014,-463,-0.84989996,53474,-540,-0.99974081,52944,-530,-0.99113588,52595,-349,-0.65918707,51724,-871,-1.65605096,50632,-1092,-2.11120563
"청송군",26301,-83,-0.3145846,26006,-295,-1.12163036,25678,-328,-1.2612474,25416,-262,-1.02032869,25044,-372,-1.46364495,24539,-505,-2.01645105
"영양군",17713,-185,-1.03363504,17479,-234,-1.32106363,17356,-123,-0.70370158,16993,-363,-2.09149574,16692,-301,-1.7713176,16320,-372,-2.22861251
"영덕군",39052,-139,-0.35467327,38529,-523,-1.33923999,38108,-421,-1.09268343,37361,-747,-1.96021833,36313,-1048,-2.8050641,35314,-999,-2.75108088
"청도군",43564,-160,-0.36593175,43346,-218,-0.50041319,43057,-289,-0.66672819,42910,-147,-0.3414079,42263,-647,-1.50780704,41891,-372,-0.88020254
"고령군",34257,-337,-0.97415737,33768,-489,-1.42744549,32969,-799,-2.36614546,32373,-596,-1.8077588,31361,-1012,-3.12606184,30626,-735,-2.34367527
"성주군",45205,176,0.39085922,45138,-67,-0.14821369,44672,-466,-1.03238956,44015,-657,-1.47071991,43414,-601,-1.3654436,42842,-572,-1.31754733
"칠곡군",123199,370,0.30123179,120864,-2335,-1.89530759,118828,-2036,-1.68453799,117047,-1781,-1.498805,114758,-2289,-1.95562466,113822,-936,-0.81562941
"예천군",46166,1492,3.33975019,49253,3087,6.68673916,53274,4021,8.16396971,55100,1826,3.42756316,55613,513,0.93103448,55739,126,0.22656573
"봉화군",33539,-269,-0.79566966,33259,-280,-0.83484898,32843,-416,-1.25078926,32150,-693,-2.11003867,31494,-656,-2.04043546,30762,-732,-2.32425224
"울진군",51738,-147,-0.28331888,50974,-764,-1.47667092,50036,-938,-1.8401538,49314,-722,-1.44296107,48716,-598,-1.21263738,47858,-858,-1.76122834
"울릉군",10001,-152,-1.49709445,9975,-26,-0.259974,9832,-143,-1.43358396,9617,-215,-2.18673718,9077,-540,-5.61505667,8867,-210,-2.31353972
"경상남도",3373871,9169,0.27250556,3380404,6533,0.19363514,3373988,-6416,-0.1897998,3362553,-11435,-0.33891644,3340216,-22337,-0.66428693,3314183,-26033,-0.77938073
"창원시",1063907,-6157,-0.57538615,1057032,-6875,-0.6462031,1053601,-3431,-0.32458809,1044740,-8861,-0.84102046,1036738,-8002,-0.76593219,1032741,-3997,-0.38553617
"의창구",252435,-4036,-1.5736672,253349,914,0.36207341,252896,-453,-0.17880473,258582,5686,2.24835506,262408,3826,1.47960802,218027,-44381,-16.91297521
"성산구",231571,-2828,-1.20648979,227942,-3629,-1.56712196,227337,-605,-0.2654184,220945,-6392,-2.81168486,214570,-6375,-2.88533345,251562,36992,17.24006152
"마산합포구",181797,127,0.06990697,181917,120,0.06600769,180535,-1382,-0.75968711,177784,-2751,-1.52380425,175716,-2068,-1.16320929,181322,5606,3.19037538
"마산회원구",210791,-1000,-0.4721636,203926,-6865,-3.25678041,199457,-4469,-2.19148122,193807,-5650,-2.83269076,191289,-2518,-1.29923068,186881,-4408,-2.30436669
"진해구",187313,1580,0.85068351,189898,2585,1.38004303,193376,3478,1.83150955,193622,246,0.1272133,192755,-867,-0.44777969,194949,2194,1.13823247
"진주시",346739,2313,0.67155209,346681,-58,-0.01672728,345987,-694,-0.20018403,347334,1347,0.38932099,348096,762,0.21938538,347097,-999,-0.2869898
"통영시",138160,-1008,-0.72430444,135833,-2327,-1.6842791,133720,-2113,-1.55558664,131404,-2316,-1.73197727,128293,-3111,-2.36750784,125383,-2910,-2.26824534
"사천시",114912,-540,-0.46772685,114252,-660,-0.57435255,113888,-364,-0.31859399,111925,-1963,-1.72362321,111105,-820,-0.73263346,109953,-1152,-1.03685703
"사천남양출장소",-,-,-,-,-,-,-,-,-,-,-,-,0,,,-,-,-
"김해시",529422,557,0.10531988,532132,2710,0.51187899,533672,1540,0.28940188,542455,8783,1.64576744,542338,-117,-0.02156861,537673,-4665,-0.86016469
"장유출장소",-,-,-,-,-,-,-,-,-,-,-,-,0,,,-,-,-
"밀양시",108354,458,0.42448284,107898,-456,-0.42084279,106744,-1154,-1.06952863,105552,-1192,-1.1166904,104831,-721,-0.68307564,103525,-1306,-1.24581469
"거제시",257183,1355,0.52965274,254073,-3110,-1.20925567,250516,-3557,-1.39999134,248276,-2240,-0.89415447,245754,-2522,-1.01580499,241216,-4538,-1.84656201
"양산시",317037,15746,5.22617669,338535,21498,6.78091201,348639,10104,2.98462493,350759,2120,0.60807884,352229,1470,0.41909117,354726,2497,0.7089138
"양산시웅상출장소",-,-,-,-,-,-,-,-,-,-,-,-,0,,,-,-,-
"의령군",28111,-433,-1.51695628,27849,-262,-0.93201949,27667,-182,-0.65352436,27168,-499,-1.80359273,26800,-368,-1.35453475,26322,-478,-1.78358209
"함안군",68937,-219,-0.31667534,68207,-730,-1.05893787,67025,-1182,-1.73295996,65700,-1325,-1.9768743,64182,-1518,-2.31050228,62547,-1635,-2.54744321
"창녕군",63982,165,0.2585518,64101,119,0.18598981,63396,-705,-1.09982684,62331,-1065,-1.67991671,61301,-1030,-1.65246827,60129,-1172,-1.91187746
"고성군",54703,-581,-1.05093698,54060,-643,-1.17543828,53243,-817,-1.51128376,52276,-967,-1.81620119,51361,-915,-1.7503252,50478,-883,-1.71920329
"남해군",45129,-736,-1.60470947,44642,-487,-1.07912872,43990,-652,-1.46050804,43622,-368,-0.83655376,42958,-664,-1.52216771,42266,-692,-1.61087574
"하동군",49622,-637,-1.26743469,48831,-791,-1.59405103,47533,-1298,-2.65814749,46574,-959,-2.01754571,44785,-1789,-3.84119895,43449,-1336,-2.98314168
"산청군",36098,27,0.07485237,36340,242,0.67039725,35952,-388,-1.067694,35417,-535,-1.48809524,34857,-560,-1.58116159,34360,-497,-1.42582552
"함양군",40241,-98,-0.24294107,40175,-66,-0.16401183,40044,-131,-0.32607343,39637,-407,-1.01638198,39080,-557,-1.40525267,38310,-770,-1.9703173
"거창군",63308,76,0.12019231,62763,-545,-0.86087066,62455,-308,-0.49073499,62179,-276,-0.44191818,61502,-677,-1.08879204,61073,-429,-0.69753829
"합천군",48026,-1119,-2.2769356,47000,-1026,-2.13634281,45916,-1084,-2.30638298,45204,-712,-1.55065772,44006,-1198,-2.65020795,42935,-1071,-2.43375903
"제주시",470665,10789,2.3460672,478700,8035,1.70715902,485946,7246,1.51368289,489405,3459,0.71180748,492466,3061,0.62545336,493096,630,0.12792761
"서귀포시",170932,6413,3.89803001,178383,7451,4.35904336,181245,2862,1.60441298,181584,339,0.18703964,182169,585,0.32216495,183663,1494,0.82011758
