행정구역별(시군구),1인가구,,,,,,,,,,,,,,,,,,,남자,,,,,,,,,,,,,,,,여자,,,,,,,,,,,,,,,
,전체_남녀,미성년_남녀,20~24,25~29,30~34,청년_남녀,35~39,40~44,45~49,50~54,55~59,60~64,장년_남녀,65~69,70~74,75~79,80~84,85세 이상,노년_남녀,합계,20세 미만,20~24,25~29,30~34,35~39,40~44,45~49,50~54,55~59,60~64,65~69,70~74,75~79,80~84,85세 이상,합계,20세 미만,20~24,25~29,30~34,35~39,40~44,45~49,50~54,55~59,60~64,65~69,70~74,75~79,80~84,85세 이상
부산광역시 > 중구,10007,42,660,1239,734,2633,532,475,681,722,866,1085,4361,934,778,609,404,246,,4716,14,203,607,435,321,295,439,439,457,549,400,272,146,87,52,5291,28,457,632,299,211,180,242,283,409,536,534,506,463,317,194
부산광역시 > 서구,18384,202,1889,1870,987,4746,774,751,934,1147,1579,1898,7083,1829,1600,1358,978,588,,7997,55,654,873,566,468,447,599,693,925,900,704,506,305,195,107,10387,147,1235,997,421,306,304,335,454,654,998,1125,1094,1053,783,481
부산광역시 > 동구,15508,40,463,1350,1096,2909,901,746,1029,1131,1331,1727,6865,1549,1377,1247,954,567,,7064,19,155,616,663,529,483,678,724,789,845,637,414,267,150,95,8444,21,308,734,433,372,263,351,407,542,882,912,963,980,804,472
부산광역시 > 영도구,19073,582,2068,905,541,3514,619,688,989,1277,1683,2242,7498,2083,1919,1696,1177,604,,9489,429,1483,638,363,407,451,657,853,981,1108,831,570,386,212,120,9584,153,585,267,178,212,237,332,424,702,1134,1252,1349,1310,965,484
부산광역시 > 부산진구,58924,741,6049,8557,5660,20266,3906,3107,3281,3554,4020,5104,22972,4379,3659,3199,2384,1324,,25431,284,2056,3979,3063,2180,1748,1823,2089,2050,2112,1658,1022,648,456,263,33493,457,3993,4578,2597,1726,1359,1458,1465,1970,2992,2721,2637,2551,1928,1061
부산광역시 > 동래구,29008,83,1095,2601,2310,6006,2019,1742,1939,2149,2464,3323,13636,2948,2251,1960,1289,835,,12435,33,376,1326,1335,1166,1038,1095,1186,1156,1285,991,611,420,270,147,16573,50,719,1275,975,853,704,844,963,1308,2038,1957,1640,1540,1019,688
부산광역시 > 남구,34934,763,5221,3932,2147,11300,1776,1643,2008,2039,2383,3142,12991,2782,2477,2250,1509,862,,15628,305,2288,2345,1332,1131,1001,1188,1159,1197,1227,929,614,461,289,162,19306,458,2933,1587,815,645,642,820,880,1186,1915,1853,1863,1789,1220,700
부산광역시 > 북구,31397,160,1071,2093,1761,4925,1628,1560,1984,2454,3304,4163,15093,3452,2784,2403,1633,947,,14131,70,487,1210,1125,1062,1040,1218,1389,1603,1769,1254,822,572,336,174,17266,90,584,883,636,566,520,766,1065,1701,2394,2198,1962,1831,1297,773
부산광역시 > 해운대구,44867,178,1643,3801,3400,8844,3249,2810,3381,3540,3893,4681,21554,4208,3464,3065,2258,1296,,18177,77,568,1806,1885,1730,1532,1725,1759,1732,1827,1388,893,628,392,235,26690,101,1075,1995,1515,1519,1278,1656,1781,2161,2854,2820,2571,2437,1866,1061
부산광역시 > 사하구,39817,359,3074,3299,2398,8771,2188,2096,2596,3071,3675,4537,18163,4063,3276,2506,1765,914,,19502,183,1485,2034,1610,1475,1443,1677,1902,1956,2051,1566,1001,589,364,166,20315,176,1589,1265,788,713,653,919,1169,1719,2486,2497,2275,1917,1401,748
부산광역시 > 금정구,36779,934,6581,4330,2238,13149,1593,1441,1860,2145,2583,3255,12877,2966,2370,2066,1512,905,,17069,405,3059,2758,1481,972,864,1082,1208,1300,1328,1003,689,452,291,177,19710,529,3522,1572,757,621,577,778,937,1283,1927,1963,1681,1614,1221,728
부산광역시 > 강서구,13410,39,445,1431,1671,3547,1632,1217,1050,1021,1123,1174,7217,906,617,549,331,204,,8079,17,220,925,1249,1218,938,742,673,652,582,386,232,168,46,31,5331,22,225,506,422,414,279,308,348,471,592,520,385,381,285,173
부산광역시 > 연제구,26078,203,1663,2797,2178,6638,1747,1585,1715,1773,2042,2661,11523,2477,1923,1603,1076,635,,10783,86,556,1217,1206,981,853,930,906,944,1060,844,522,346,216,116,15295,117,1107,1580,972,766,732,785,867,1098,1601,1633,1401,1257,860,519
부산광역시 > 수영구,27696,83,1544,4281,3115,8940,2154,1669,1830,1683,1764,2438,11538,2113,1909,1469,1046,598,,11423,27,456,1894,1691,1190,895,948,877,769,869,675,486,328,204,114,16273,56,1088,2387,1424,964,774,882,806,995,1569,1438,1423,1141,842,484
부산광역시 > 사상구,30922,421,2567,2721,1794,7082,1564,1576,1922,2612,3378,3649,14701,2976,2297,1678,1177,590,,15412,185,1085,1503,1215,1047,1059,1296,1720,1982,1730,1160,713,409,212,96,15510,236,1482,1218,579,517,517,626,892,1396,1919,1816,1584,1269,965,494
부산광역시 > 기장군,18403,43,510,1533,1625,3668,1527,1438,1451,1520,1523,1908,9367,1633,1379,1103,757,453,,8975,21,231,890,1077,1040,923,882,876,732,784,589,422,270,152,86,9428,22,279,643,548,487,515,569,644,791,1124,1044,957,833,605,367
대구광역시 > 중구,14802,81,1576,2872,1642,6090,1034,765,785,771,850,959,5164,844,851,739,627,406,,6680,37,527,1333,975,613,438,453,497,470,424,321,231,167,121,73,8122,44,1049,1539,667,421,327,332,274,380,535,523,620,572,506,333
대구광역시 > 동구,45207,105,1493,4301,3568,9362,2894,2596,3049,3596,4229,4715,21079,4264,3532,3075,2436,1354,,20368,56,522,2293,2337,1836,1581,1849,2064,2077,1915,1478,984,652,460,264,24839,49,971,2008,1231,1058,1015,1200,1532,2152,2800,2786,2548,2423,1976,1090
대구광역시 > 서구,25770,51,664,1590,1233,3487,1194,1236,1921,2498,3288,3273,13410,2754,2063,1859,1378,768,,12119,29,278,887,797,758,794,1305,1599,1887,1482,976,575,399,246,107,13651,22,386,703,436,436,442,616,899,1401,1791,1778,1488,1460,1132,661
대구광역시 > 남구,29917,257,2848,3387,2268,8503,1945,1758,2021,2175,2420,2777,13096,2285,1886,1689,1304,897,,13255,96,1067,1587,1242,1081,1039,1196,1277,1251,1259,858,529,376,234,163,16662,161,1781,1800,1026,864,719,825,898,1169,1518,1427,1357,1313,1070,734
대구광역시 > 북구,55311,981,7178,6354,4159,17691,3409,3245,4005,4248,4450,4521,23878,3690,3067,2782,2048,1174,,27529,436,3493,4073,2832,2274,2138,2513,2579,2193,1923,1187,802,527,354,205,27782,545,3685,2281,1327,1135,1107,1492,1669,2257,2598,2503,2265,2255,1694,969
대구광역시 > 수성구,40196,228,1684,3837,3166,8687,2584,2487,2969,3224,3485,3946,18695,3401,2836,2602,2169,1578,,15801,101,617,1832,1815,1392,1280,1455,1571,1478,1447,1009,680,490,349,285,24395,127,1067,2005,1351,1192,1207,1514,1653,2007,2499,2392,2156,2112,1820,1293
대구광역시 > 달서구,67771,915,5231,6929,5336,17496,4217,4032,5041,5714,6544,6691,32239,5392,3947,3473,2711,1598,,31487,367,2085,3796,3488,2720,2561,3088,3205,3094,2716,1792,1121,697,467,290,36284,548,3146,3133,1848,1497,1471,1953,2509,3450,3975,3600,2826,2776,2244,1308
대구광역시 > 달성군,25569,139,1010,2434,2618,6062,2425,2024,2083,2125,2349,2382,13388,1863,1386,1172,964,595,,13713,97,613,1655,2003,1785,1413,1349,1190,1121,941,635,388,237,165,121,11856,42,397,779,615,640,611,734,935,1228,1441,1228,998,935,799,474
인천광역시 > 중구,23101,56,1545,4435,2840,8820,1830,1675,1633,1620,1659,1708,10125,1271,1070,816,526,417,,13159,38,432,2442,2020,1310,1201,1186,1119,1052,929,590,387,248,121,84,9942,18,1113,1993,820,520,474,447,501,607,779,681,683,568,405,333
인천광역시 > 동구,7335,70,170,311,301,782,348,407,507,595,699,886,3442,808,712,671,485,365,,3569,14,70,207,224,240,302,340,406,438,470,349,214,142,95,58,3766,56,100,104,77,108,105,167,189,261,416,459,498,529,390,307
인천광역시 > 연수구,34745,860,2880,4647,3812,11339,3052,2606,2767,2633,2713,2621,16392,1831,1422,1227,958,716,,18070,419,1229,2763,2542,1994,1666,1657,1523,1387,1133,713,460,298,179,107,16675,441,1651,1884,1270,1058,940,1110,1110,1326,1488,1118,962,929,779,609
인천광역시 > 남동구,59396,134,2418,6051,5423,13892,4911,4669,5074,5123,5617,5958,31352,4449,3476,2846,1971,1276,,29707,58,931,3272,3498,3230,2998,3187,3047,2862,2578,1679,1070,703,369,225,29689,76,1487,2779,1925,1681,1671,1887,2076,2755,3380,2770,2406,2143,1602,1051
인천광역시 > 부평구,53636,159,1750,4733,4458,10941,4113,3829,4351,4651,5477,5802,28223,4190,3462,2898,2249,1514,,26405,87,711,2542,2713,2662,2395,2778,2823,2964,2615,1648,1080,703,408,276,27231,72,1039,2191,1745,1451,1434,1573,1828,2513,3187,2542,2382,2195,1841,1238
인천광역시 > 계양구,29622,283,1019,2034,2060,5113,2122,2164,2785,3136,3473,3310,16990,2200,1669,1453,1160,754,,14700,55,334,1126,1296,1375,1366,1778,1913,1825,1537,879,530,318,218,150,14922,228,685,908,764,747,798,1007,1223,1648,1773,1321,1139,1135,942,604
인천광역시 > 서구,48799,125,1592,5216,4911,11719,4592,4177,4672,4690,4831,4657,27619,3081,2320,1834,1274,827,,27226,72,684,2995,3291,3213,2870,3208,2988,2803,2266,1265,754,432,224,161,21573,53,908,2221,1620,1379,1307,1464,1702,2028,2391,1816,1566,1402,1050,666
인천광역시 > 미추홀구,56472,804,5654,6304,4606,16564,4155,3668,4250,4207,4626,5250,26156,3873,3172,2652,1938,1313,,29995,378,3025,3837,3074,2805,2383,2791,2656,2615,2511,1592,1035,644,409,240,26477,426,2629,2467,1532,1350,1285,1459,1551,2011,2739,2281,2137,2008,1529,1073
인천광역시 > 강화군,8095,13,99,288,240,627,200,257,417,602,906,1085,3467,866,896,873,727,626,,3663,6,50,175,169,118,170,259,374,493,534,413,323,255,187,137,4432,7,49,113,71,82,87,158,228,413,551,453,573,618,540,489
인천광역시 > 옹진군,3640,6,81,249,193,523,160,203,253,335,472,524,1947,342,269,229,171,153,,2181,5,46,177,142,129,149,184,241,314,328,207,116,80,37,26,1459,NaN,35,72,51,31,54,69,94,158,196,135,153,149,134,127
광주광역시 > 동구,18969,540,3311,2683,1513,7507,1141,925,1010,1082,1207,1388,6753,1075,989,963,706,436,,9589,288,1650,1502,950,727,583,658,669,658,661,445,284,228,175,111,9380,252,1661,1181,563,414,342,352,413,549,727,630,705,735,531,325
광주광역시 > 서구,41730,192,2659,5635,4324,12618,3838,3186,3335,3308,3348,3195,20210,2544,2125,1846,1326,869,,20098,79,970,2779,2574,2339,1975,2097,1966,1641,1388,894,607,391,235,163,21632,113,1689,2856,1750,1499,1211,1238,1342,1707,1807,1650,1518,1455,1091,706
광주광역시 > 남구,25906,475,2069,2443,1928,6440,1754,1561,1710,1868,2256,2489,11638,2043,1769,1595,1101,845,,11753,225,847,1260,1198,1090,992,1028,1062,1088,1001,737,482,366,227,150,14153,250,1222,1183,730,664,569,682,806,1168,1488,1306,1287,1229,874,695
광주광역시 > 북구,59846,611,5268,6895,5096,17259,4487,3862,4305,4673,5121,5499,27947,4006,3485,2981,2159,1398,,29873,288,2371,3867,3252,2948,2580,2788,2847,2595,2486,1526,1046,643,399,237,29973,323,2897,3028,1844,1539,1282,1517,1826,2526,3013,2480,2439,2338,1760,1161
광주광역시 > 광산구,47497,943,4675,5635,4839,15149,4597,4150,4281,3937,3368,3109,23442,2173,1854,1725,1365,846,,25504,351,1710,3345,3346,3303,2889,2885,2389,1770,1484,833,509,361,211,118,21993,592,2965,2290,1493,1294,1261,1396,1548,1598,1625,1340,1345,1364,1154,728
대전광역시 > 동구,41663,2428,9185,3907,2198,15290,1872,1750,2250,2499,2966,3349,14686,2662,2249,2017,1399,932,,21586,1153,4677,2562,1526,1263,1204,1547,1555,1641,1603,1068,776,493,307,211,20077,1275,4508,1345,672,609,546,703,944,1325,1746,1594,1473,1524,1092,721
대전광역시 > 중구,32143,194,2071,3610,2365,8046,1893,1851,2153,2560,2882,3277,14616,2668,2277,1874,1491,977,,14870,74,686,1721,1409,1160,1178,1320,1529,1538,1518,1019,730,459,323,206,17273,120,1385,1889,956,733,673,833,1031,1344,1759,1649,1547,1415,1168,771
대전광역시 > 서구,71702,2181,10209,11983,7845,30037,5585,4211,4610,4441,4611,4665,28123,3552,2624,2278,1706,1201,,34303,1058,4280,6341,4812,3323,2477,2606,2359,2121,1880,1190,753,510,353,240,37399,1123,5929,5642,3033,2262,1734,2004,2082,2490,2785,2362,1871,1768,1353,961
대전광역시 > 유성구,59212,2526,11272,11195,7806,30273,4943,3567,3354,2991,2904,2936,20695,1908,1304,1093,836,577,,33012,1293,5728,7141,5347,3264,2191,2015,1656,1432,1246,739,408,252,180,120,26200,1233,5544,4054,2459,1679,1376,1339,1335,1472,1690,1169,896,841,656,457
대전광역시 > 대덕구,24122,521,2345,2105,1650,6100,1412,1368,1852,2122,2284,2474,11512,1805,1392,1272,907,613,,12486,226,1109,1374,1180,998,939,1240,1314,1247,1126,714,414,294,197,114,11636,295,1236,731,470,414,429,612,808,1037,1348,1091,978,978,710,499
울산광역시 > 중구,24362,59,518,1938,1761,4217,1538,1607,2013,2325,2697,3042,13222,2398,1704,1378,905,479,,12360,27,236,1149,1186,1086,1096,1301,1405,1421,1395,908,567,323,179,81,12002,32,282,789,575,452,511,712,920,1276,1647,1490,1137,1055,726,398
울산광역시 > 남구,40202,232,2729,5025,4153,11907,3261,2931,3424,3548,3588,3715,20467,2792,1919,1424,942,519,,21514,129,1456,3201,2840,2132,1817,2091,2113,1880,1610,1038,581,329,193,104,18688,103,1273,1824,1313,1129,1114,1333,1435,1708,2105,1754,1338,1095,749,415
울산광역시 > 동구,16857,31,532,1461,1490,3483,1691,1562,1597,1537,1634,1856,9877,1281,938,604,425,218,,9965,12,262,924,1154,1363,1207,1194,1021,906,860,487,309,148,91,27,6892,19,270,537,336,328,355,403,516,728,996,794,629,456,334,191
울산광역시 > 북구,16925,20,526,1852,1908,4286,1740,1635,1608,1553,1566,1478,9580,1013,767,575,431,253,,10238,11,333,1366,1531,1387,1235,1071,953,835,677,385,236,117,68,33,6687,9,193,486,377,353,400,537,600,731,801,628,531,458,363,220
울산광역시 > 울주군,24502,269,1163,1891,1658,4712,1670,1681,2127,2379,2573,2669,13099,1969,1490,1315,967,681,,13993,182,731,1379,1281,1305,1288,1462,1552,1443,1395,837,532,333,168,105,10509,87,432,512,377,365,393,665,827,1130,1274,1132,958,982,799,576
경기도 > 장안구,30264,237,2883,4065,2602,9550,2043,1895,2216,2316,2584,2687,13741,1894,1636,1416,1018,772,,16468,104,1749,2778,1820,1348,1235,1432,1380,1378,1277,742,469,353,218,185,13796,133,1134,1287,782,695,660,784,936,1206,1410,1152,1167,1063,800,587
경기도 > 권선구,41517,157,1705,5463,5042,12210,4380,3665,3746,3392,3471,3373,22027,2435,1758,1339,1017,574,,22777,49,695,3193,3433,2888,2406,2442,2076,1852,1527,976,585,310,221,124,18740,108,1010,2270,1609,1492,1259,1304,1316,1619,1846,1459,1173,1029,796,450
경기도 > 팔달구,30497,117,1994,5143,3539,10676,2558,2064,2292,2243,2422,2459,14038,1829,1473,1114,814,436,,16484,43,783,2928,2278,1614,1309,1481,1454,1414,1296,795,525,298,174,92,14013,74,1211,2215,1261,944,755,811,789,1008,1163,1034,948,816,640,344
경기도 > 영통구,44294,572,4712,10282,7695,22689,4658,3286,2757,2140,1869,1838,16548,1348,1098,966,658,415,,24267,222,2106,6223,5173,3014,2010,1644,1191,893,715,422,263,195,117,79,20027,350,2606,4059,2522,1644,1276,1113,949,976,1123,926,835,771,541,336
경기도 > 수정구,40264,409,2807,4870,3884,11561,3256,2868,3174,3382,3622,3791,20093,2878,2107,1683,967,566,,22127,174,1216,2916,2648,2124,1862,2143,2181,2134,1911,1257,727,501,218,115,18137,235,1591,1954,1236,1132,1006,1031,1201,1488,1880,1621,1380,1182,749,451
경기도 > 중원구,31112,189,1326,3697,3062,8085,2417,2149,2427,2785,3101,3196,16075,2353,1741,1329,862,478,,16949,69,483,2090,2034,1557,1407,1620,1827,1869,1685,1007,632,384,198,87,14163,120,843,1607,1028,860,742,807,958,1232,1511,1346,1109,945,664,391
경기도 > 분당구,44057,115,1502,7180,6860,15542,4903,3673,3575,2684,2374,2586,19795,2059,1836,1767,1507,1436,,20154,59,470,3667,4021,2792,1944,1857,1374,1090,967,601,449,352,255,256,23903,56,1032,3513,2839,2111,1729,1718,1310,1284,1619,1458,1387,1415,1252,1180
경기도 > 의정부시,50008,204,2252,5017,4032,11301,3815,3465,4151,4305,4684,5165,25585,3702,3233,2772,2050,1161,,24238,100,822,2588,2500,2394,2171,2548,2517,2485,2348,1433,1017,651,429,235,25770,104,1430,2429,1532,1421,1294,1603,1788,2199,2817,2269,2216,2121,1621,926
경기도 > 만안구,24935,146,1476,2171,2082,5729,1806,1590,1873,2088,2433,2827,12617,2013,1567,1302,962,599,,12859,48,565,1266,1377,1234,1061,1249,1311,1373,1359,838,518,325,214,121,12076,98,911,905,705,572,529,624,777,1060,1468,1175,1049,977,748,478
경기도 > 동안구,23598,129,678,2674,2752,6104,2148,1794,1990,1829,1874,2021,11656,1588,1286,1129,942,764,,10827,63,288,1493,1771,1340,1004,1096,935,872,709,475,305,214,142,120,12771,66,390,1181,981,808,790,894,894,1002,1312,1113,981,915,800,644
경기도 > 부천시,85105,459,3550,7762,7525,18837,7035,6456,7481,7662,8301,8841,45776,6477,4851,3895,2917,1893,,42786,181,1432,4200,4666,4396,3959,4664,4707,4613,3945,2530,1617,963,576,337,42319,278,2118,3562,2859,2639,2497,2817,2955,3688,4896,3947,3234,2932,2341,1556
경기도 > 광명시,26496,70,540,2075,2593,5208,2352,2049,2197,2181,2320,2658,13757,2254,1828,1556,1096,727,,12418,37,225,1071,1603,1455,1257,1325,1265,1210,1059,758,521,334,188,110,14078,33,315,1004,990,897,792,872,916,1110,1599,1496,1307,1222,908,617
경기도 > 평택시,69593,283,2988,9140,7979,20107,6868,5956,6269,6246,5996,5382,36717,3747,2891,2668,1980,1200,,41297,139,1491,6059,5880,5064,4245,4363,3925,3429,2792,1597,991,648,455,219,28296,144,1497,3081,2099,1804,1711,1906,2321,2567,2590,2150,1900,2020,1525,981
경기도 > 동두천시,12035,79,360,727,619,1706,601,621,939,1087,1233,1449,5930,1150,1019,1020,733,398,,6071,36,155,445,432,413,422,623,687,737,736,496,330,284,178,97,5964,43,205,282,187,188,199,316,400,496,713,654,689,736,555,301
경기도 > 상록구,44299,335,2927,4757,3931,11615,3729,3654,4490,4575,4320,3661,24429,2281,1772,1703,1312,852,,25688,138,1457,3047,2786,2655,2536,3139,3082,2554,1882,1009,580,412,260,151,18611,197,1470,1710,1145,1074,1118,1351,1493,1766,1779,1272,1192,1291,1052,701
경기도 > 단원구,37649,256,2199,4421,3861,10481,3367,3242,3773,3706,3627,3069,20784,2015,1444,1180,890,599,,22267,121,963,2681,2790,2409,2350,2697,2484,2142,1593,871,526,321,209,110,15382,135,1236,1740,1071,958,892,1076,1222,1485,1476,1144,918,859,681,489
경기도 > 덕양구,47998,367,2043,3975,4124,10142,3853,3560,4370,4333,4509,4575,25200,3458,2859,2669,2072,1231,,24271,191,1120,2290,2672,2503,2124,2583,2523,2456,2148,1407,878,669,439,268,23727,176,923,1685,1452,1350,1436,1787,1810,2053,2427,2051,1981,2000,1633,963
경기도 > 일산동구,31264,94,1414,3874,3319,8607,2978,2911,3299,3002,2657,2265,17112,1484,1169,1135,935,728,,14702,48,449,1849,1849,1693,1570,1823,1600,1394,1021,577,309,232,157,131,16562,46,965,2025,1470,1285,1341,1476,1402,1263,1244,907,860,903,778,597
경기도 > 일산서구,21147,75,626,1830,1842,4298,1633,1597,2029,1983,1949,1839,11030,1355,1176,1161,1168,884,,9409,38,230,933,1140,991,931,1128,1059,919,738,452,272,210,202,166,11738,37,396,897,702,642,666,901,924,1030,1101,903,904,951,966,718
경기도 > 과천시,3744,7,60,313,445,818,359,285,239,233,263,320,1699,328,286,226,197,183,,1774,NaN,28,189,325,238,176,143,134,117,121,115,79,44,36,25,1970,NaN,32,124,120,121,109,96,99,146,199,213,207,182,161,158
경기도 > 구리시,18155,44,492,1475,1496,3463,1483,1451,1637,1679,1944,1992,10186,1404,1108,943,619,388,,9180,15,192,794,976,954,900,1014,1006,1044,921,555,358,226,140,85,8975,29,300,681,520,529,551,623,673,900,1071,849,750,717,479,303
경기도 > 남양주시,53418,130,1269,3863,4051,9183,4195,4171,4979,5008,5381,5729,29463,4526,3659,3037,2112,1308,,27077,59,566,2230,2754,2752,2655,3117,3003,2912,2600,1732,1132,792,507,266,26341,71,703,1633,1297,1443,1516,1862,2005,2469,3129,2794,2527,2245,1605,1042
경기도 > 오산시,29692,202,1549,4557,4218,10324,3870,2907,2488,2143,2025,1821,15254,1196,985,878,560,293,,18133,94,723,3000,3065,2855,2114,1707,1390,1129,855,470,318,220,129,64,11559,108,826,1557,1153,1015,793,781,753,896,966,726,667,658,431,229
경기도 > 시흥시,55926,230,2253,6099,6265,14617,6010,5509,5893,5719,5289,4264,32684,2769,2031,1611,1279,705,,35891,155,1361,4205,4836,4578,4216,4368,3883,3237,2277,1237,744,430,238,126,20035,75,892,1894,1429,1432,1293,1525,1836,2052,1987,1532,1287,1181,1041,579
경기도 > 군포시,26017,70,786,2709,2691,6186,2055,1948,2131,2163,2355,2566,13218,1845,1509,1282,1106,801,,12960,38,355,1596,1854,1400,1254,1299,1268,1189,1043,653,418,260,179,154,13057,32,431,1113,837,655,694,832,895,1166,1523,1192,1091,1022,927,647
경기도 > 의왕시,12877,126,857,1498,1347,3702,1008,824,861,974,1070,1166,5903,888,713,628,541,376,,6429,47,360,891,965,707,552,545,570,506,460,303,221,131,106,65,6448,79,497,607,382,301,272,316,404,564,706,585,492,497,435,311
경기도 > 하남시,33759,75,1349,5112,4731,11192,3825,2876,2625,2320,2444,2674,16764,2140,1508,1031,624,425,,18092,33,451,2687,3108,2465,1839,1601,1408,1335,1210,851,581,310,140,73,15667,42,898,2425,1623,1360,1037,1024,912,1109,1464,1289,927,721,484,352
경기도 > 처인구,30031,664,3864,3277,2367,9508,2118,2137,2530,2434,2547,2369,14135,1737,1407,1173,845,562,,16934,321,1834,2246,1745,1554,1503,1706,1568,1430,1199,729,476,286,216,121,13097,343,2030,1031,622,564,634,824,866,1117,1170,1008,931,887,629,441
경기도 > 기흥구,35417,430,3080,4623,3873,11576,3030,2612,2923,2464,2310,2465,15804,2017,1930,1625,1185,850,,17757,187,1408,2747,2676,2026,1672,1707,1382,1098,945,594,446,389,252,228,17660,243,1672,1876,1197,1004,940,1216,1082,1212,1520,1423,1484,1236,933,622
경기도 > 수지구,24708,421,2307,3990,3292,9589,2276,1668,1635,1318,1156,1366,9419,1316,1373,1187,850,553,,11663,176,927,2238,2191,1494,950,903,728,496,431,311,267,259,177,115,13045,245,1380,1752,1101,782,718,732,590,660,935,1005,1106,928,673,438
경기도 > 파주시,43803,129,1448,4596,4520,10564,3901,3298,3803,4016,4027,3957,23002,2816,2396,2229,1669,998,,24101,56,709,2668,3282,2862,2255,2490,2542,2356,1921,1133,765,544,334,184,19702,73,739,1928,1238,1039,1043,1313,1474,1671,2036,1683,1631,1685,1335,814
경기도 > 이천시,24332,295,1385,3128,2444,6957,1964,1761,1888,1966,2194,2083,11856,1568,1175,996,842,643,,13365,110,549,2018,1703,1383,1171,1274,1216,1215,1051,653,423,278,180,141,10967,185,836,1110,741,581,590,614,750,979,1032,915,752,718,662,502
경기도 > 안성시,26020,513,2547,2611,2023,7181,1830,1772,1986,2111,2253,2250,12202,1777,1325,1244,1075,703,,14195,211,1080,1768,1468,1342,1258,1341,1367,1306,1135,761,462,306,239,151,11825,302,1467,843,555,488,514,645,744,947,1115,1016,863,938,836,552
경기도 > 김포시,41284,149,1548,4444,4477,10469,4309,3741,3644,3501,3532,3652,22379,2661,2073,1670,1146,737,,22340,61,697,2478,3011,2973,2458,2310,2112,1993,1727,1072,684,381,238,145,18944,88,851,1966,1466,1336,1283,1334,1389,1539,1925,1589,1389,1289,908,592
경기도 > 화성시,91164,622,4702,15937,13867,34506,10442,8248,7281,6638,6101,5714,44424,3928,2829,2229,1569,1057,,56720,236,2219,10428,10194,7816,6038,5081,4442,3544,2882,1626,971,667,359,217,34444,386,2483,5509,3673,2626,2210,2200,2196,2557,2832,2302,1858,1562,1210,840
경기도 > 광주시,34577,92,850,2812,3217,6879,3571,3392,3732,3508,3442,3384,21029,2373,1641,1271,821,471,,20111,46,420,1748,2246,2521,2385,2531,2257,1991,1660,1030,591,368,211,106,14466,46,430,1064,971,1050,1007,1201,1251,1451,1724,1343,1050,903,610,365
경기도 > 양주시,22433,128,871,1804,1544,4219,1444,1475,2076,2174,2220,2445,11834,1902,1588,1340,886,536,,12284,59,449,1141,1116,994,1011,1405,1371,1319,1254,860,574,381,227,123,10149,69,422,663,428,450,464,671,803,901,1191,1042,1014,959,659,413
경기도 > 포천시,19088,137,773,1310,997,3080,843,1045,1515,2021,2380,2490,10294,1647,1309,1140,916,565,,10863,48,359,840,721,606,770,1102,1409,1528,1441,817,525,336,233,128,8225,89,414,470,276,237,275,413,612,852,1049,830,784,804,683,437
경기도 > 여주시,13288,98,451,852,787,2090,729,747,1045,1242,1469,1542,6774,1240,935,883,750,518,,6922,45,229,556,551,491,462,638,752,835,803,597,366,269,197,131,6366,53,222,296,236,238,285,407,490,634,739,643,569,614,553,387
경기도 > 연천군,6200,12,256,571,305,1132,194,204,299,407,619,755,2478,623,594,542,490,329,,3370,NaN,187,462,243,140,140,217,272,391,443,317,242,142,104,67,2830,9,69,109,62,54,64,82,135,228,312,306,352,400,386,262
경기도 > 가평군,8996,18,184,534,397,1115,376,408,550,785,1107,1304,4530,989,691,701,559,393,,4593,8,102,349,271,249,261,352,476,629,685,464,290,220,146,91,4403,10,82,185,126,127,147,198,309,478,619,525,401,481,413,302
경기도 > 양평군,14949,25,262,663,569,1494,591,739,962,1373,1898,2183,7746,1735,1291,1162,848,648,,7263,13,132,424,346,355,445,562,792,1018,1119,794,553,361,218,131,7686,12,130,239,223,236,294,400,581,880,1064,941,738,801,630,517
강원도 > 춘천시,39825,611,4565,4680,3220,12465,2409,2050,2468,2882,3387,3495,16691,2597,2021,2289,1875,1276,,19239,261,2221,2801,2081,1471,1274,1500,1653,1679,1535,1017,597,556,371,222,20586,350,2344,1879,1139,938,776,968,1229,1708,1960,1580,1424,1733,1504,1054
강원도 > 원주시,51940,1049,5097,5773,4494,15364,3588,3248,3835,4355,4627,4833,24486,3221,2300,2273,1946,1301,,25921,537,2413,3323,2723,2268,1990,2228,2487,2391,2285,1362,761,539,374,240,26019,512,2684,2450,1771,1320,1258,1607,1868,2236,2548,1859,1539,1734,1572,1061
강원도 > 강릉시,37635,2174,6813,3190,1686,11689,1581,1560,2072,2433,2885,3285,13816,2610,2161,2232,1734,1219,,18771,1193,3998,2130,1120,1002,989,1284,1363,1475,1511,1037,671,485,306,207,18864,981,2815,1060,566,579,571,788,1070,1410,1774,1573,1490,1747,1428,1012
강원도 > 동해시,11497,69,229,633,548,1410,554,685,899,1072,1242,1348,5800,1140,928,953,704,493,,5574,33,128,418,410,392,447,586,640,698,642,455,277,217,134,97,5923,36,101,215,138,162,238,313,432,544,706,685,651,736,570,396
강원도 > 태백시,6420,54,267,259,237,763,248,344,394,568,627,816,2997,691,639,589,445,242,,3038,14,134,145,166,175,232,263,384,351,441,284,196,137,79,37,3382,40,133,114,71,73,112,131,184,276,375,407,443,452,366,205
강원도 > 속초시,12122,34,261,754,736,1751,627,700,893,1230,1477,1533,6460,1135,860,867,625,390,,5861,19,143,492,500,416,449,527,714,736,728,458,293,206,128,52,6261,15,118,262,236,211,251,366,516,741,805,677,567,661,497,338
강원도 > 삼척시,12516,819,2324,787,375,3486,363,428,561,768,958,1086,4164,842,833,957,787,628,,6698,537,1544,610,284,268,309,409,527,583,581,366,258,196,127,99,5818,282,780,177,91,95,119,152,241,375,505,476,575,761,660,529
강원도 > 홍천군,9875,12,248,563,420,1231,326,355,504,837,1189,1422,4633,1134,833,821,745,466,,5176,5,167,423,296,227,231,342,535,703,777,596,346,250,191,87,4699,7,81,140,124,99,124,162,302,486,645,538,487,571,554,379
강원도 > 횡성군,6383,45,158,207,170,535,166,207,329,535,792,963,2992,749,556,579,548,379,,3202,27,74,141,126,118,156,213,334,475,547,388,237,160,136,70,3181,18,84,66,44,48,51,116,201,317,416,361,319,419,412,309
강원도 > 영월군,6505,26,107,216,211,534,190,198,399,579,781,905,3052,727,608,683,512,363,,3348,12,53,147,144,137,135,283,402,497,546,382,245,176,108,81,3157,14,54,69,67,53,63,116,177,284,359,345,363,507,404,282
강원도 > 평창군,6793,7,94,283,225,602,210,291,457,629,804,998,3389,758,640,591,501,305,,3367,NaN,41,170,150,143,206,291,385,494,557,354,232,164,119,57,3426,NaN,53,113,75,67,85,166,244,310,441,404,408,427,382,248
강원도 > 정선군,6186,11,64,227,306,597,265,305,405,586,696,857,3114,660,557,543,406,298,,3171,8,25,125,204,183,206,274,406,447,505,309,194,148,88,49,3015,NaN,39,102,102,82,99,131,180,249,352,351,363,395,318,249
강원도 > 철원군,4799,6,144,362,226,732,174,182,265,352,487,535,1995,463,481,525,395,202,,2394,NaN,107,293,175,135,126,183,221,294,268,184,166,107,86,45,2405,NaN,37,69,51,39,56,82,131,193,267,279,315,418,309,157
강원도 > 화천군,3381,7,172,346,189,707,125,121,170,260,386,375,1437,307,264,272,239,148,,1947,NaN,134,282,159,95,95,127,167,255,222,162,100,77,35,37,1434,7,38,64,30,30,26,43,93,131,153,145,164,195,204,111
강원도 > 양구군,2531,5,95,204,133,432,105,109,149,189,293,294,1139,220,199,243,171,122,,1349,NaN,69,160,96,78,69,92,135,188,163,109,77,61,29,19,1182,NaN,26,44,37,27,40,57,54,105,131,111,122,182,142,103
강원도 > 인제군,4056,7,101,306,240,647,166,182,250,325,502,534,1959,403,305,300,260,175,,2272,NaN,68,228,184,124,126,179,226,305,322,214,121,95,50,28,1784,5,33,78,56,42,56,71,99,197,212,189,184,205,210,147
강원도 > 고성군,4413,41,377,290,145,812,107,146,234,291,393,506,1677,409,391,482,347,254,,2155,31,252,235,99,73,99,171,193,240,274,182,128,92,59,27,2258,10,125,55,46,34,47,63,98,153,232,227,263,390,288,227
강원도 > 양양군,4494,6,61,182,179,422,197,203,270,364,533,597,2164,513,388,435,338,228,,2195,NaN,40,109,115,133,145,187,238,319,324,232,152,95,62,41,2299,NaN,21,73,64,64,58,83,126,214,273,281,236,340,276,187
충청북도 > 충주시,33557,951,4640,3228,2024,9892,1731,1579,1864,2478,2843,3037,13532,2400,1820,1998,1784,1180,,17364,462,2515,2305,1491,1209,1060,1192,1464,1539,1487,996,561,473,393,217,16193,489,2125,923,533,522,519,672,1014,1304,1550,1404,1259,1525,1391,963
충청북도 > 제천시,21705,694,2743,1618,1038,5399,872,881,1261,1621,1935,2261,8831,1781,1393,1606,1213,788,,10614,345,1370,1076,716,576,588,808,971,1049,1117,730,430,405,263,170,11091,349,1373,542,322,296,293,453,650,886,1144,1051,963,1201,950,618
충청북도 > 상당구,18899,55,557,1515,1225,3297,1225,1176,1411,1661,2018,2056,9547,1737,1234,1291,1012,726,,9013,29,271,921,839,791,733,845,941,1008,904,679,392,314,209,137,9886,26,286,594,386,434,443,566,720,1010,1152,1058,842,977,803,589
충청북도 > 서원구,30535,811,4988,3968,2275,11231,1676,1529,1937,2097,2334,2549,12122,1849,1441,1392,1011,678,,15082,409,2530,2473,1432,1040,941,1115,1156,1114,1078,672,415,358,227,122,15453,402,2458,1495,843,636,588,822,941,1220,1471,1177,1026,1034,784,556
충청북도 > 흥덕구,39230,327,3175,7081,5229,15485,3590,2856,2921,2973,2928,2662,17930,1743,1213,1062,872,598,,20935,127,1348,4279,3366,2288,1823,1776,1674,1523,1151,659,376,252,170,123,18295,200,1827,2802,1863,1302,1033,1145,1299,1405,1511,1084,837,810,702,475
충청북도 > 청원구,28208,670,3003,4373,3253,10629,2404,1924,1978,1866,1892,1895,11959,1371,1040,1030,921,588,,16078,347,1596,3046,2444,1705,1304,1212,1112,1021,867,550,332,235,178,129,12130,323,1407,1327,809,699,620,766,754,871,1028,821,708,795,743,459
충청북도 > 보은군,5081,10,55,146,135,336,131,140,211,348,492,629,1951,550,491,663,585,495,,2267,7,37,88,99,97,103,149,241,313,350,253,186,152,110,82,2814,NaN,18,58,36,34,37,62,107,179,279,297,305,511,475,413
충청북도 > 옥천군,6142,19,125,194,166,485,180,191,301,403,626,743,2444,651,606,685,670,582,,2672,11,66,117,118,122,137,203,262,377,389,275,226,152,118,99,3470,8,59,77,48,58,54,98,141,249,354,376,380,533,552,483
충청북도 > 영동군,7675,213,653,341,198,1192,165,208,311,532,735,817,2768,725,692,798,755,532,,3654,154,471,237,124,108,128,209,354,431,450,345,224,176,149,94,4021,59,182,104,74,57,80,102,178,304,367,380,468,622,606,438
충청북도 > 진천군,11855,153,507,1315,1076,2898,950,856,952,1088,1086,975,5907,736,536,605,588,432,,6900,97,301,954,863,719,625,665,686,643,495,339,190,136,120,67,4955,56,206,361,213,231,231,287,402,443,480,397,346,469,468,365
충청북도 > 괴산군,7554,369,943,331,201,1475,183,210,345,530,720,841,2829,648,526,624,611,472,,3864,208,586,222,130,118,137,234,369,433,491,338,213,160,135,90,3690,161,357,109,71,65,73,111,161,287,350,310,313,464,476,382
충청북도 > 음성군,15528,280,829,1354,1091,3274,972,934,1188,1505,1600,1522,7721,1190,853,887,777,546,,8682,131,388,884,796,686,676,840,1003,995,851,567,331,244,188,102,6846,149,441,470,295,286,258,348,502,605,671,623,522,643,589,444
충청북도 > 단양군,4650,8,43,159,147,349,113,151,237,380,571,617,2069,505,471,544,433,271,,2215,5,24,92,97,75,115,156,254,378,332,250,163,116,102,56,2435,NaN,19,67,50,38,36,81,126,193,285,255,308,428,331,215
충청북도 > 증평군,5589,34,337,609,463,1409,393,314,395,442,547,546,2637,396,326,320,282,185,,3125,13,185,470,351,311,221,277,267,313,274,177,110,71,59,26,2464,21,152,139,112,82,93,118,175,234,272,219,216,249,223,159
충청남도 > 동남구,40654,1496,6654,4636,3099,14389,2624,2500,2881,2944,3358,3128,17435,2186,1658,1442,1210,838,,20922,539,2671,2844,2128,1790,1660,1817,1754,1820,1534,964,611,376,257,157,19732,957,3983,1792,971,834,840,1064,1190,1538,1594,1222,1047,1066,953,681
충청남도 > 서북구,56633,507,5240,10207,8884,24331,6317,4466,4080,3739,3516,3058,25176,2034,1566,1382,974,663,,32416,253,2302,5977,6071,4503,3098,2611,2281,1859,1463,849,489,325,209,126,24217,254,2938,4230,2813,1814,1368,1469,1458,1657,1595,1185,1077,1057,765,537
충청남도 > 공주시,16886,532,2401,1247,816,4464,608,667,839,1087,1456,1586,6243,1233,1153,1240,1096,925,,7647,202,926,757,533,412,439,528,672,804,770,519,391,294,225,175,9239,330,1475,490,283,196,228,311,415,652,816,714,762,946,871,750
충청남도 > 보령시,13745,61,371,836,673,1880,635,652,896,1047,1391,1473,6094,1387,1257,1170,1031,865,,6579,28,220,521,490,449,469,602,678,821,726,574,394,247,192,168,7166,33,151,315,183,186,183,294,369,570,747,813,863,923,839,697
충청남도 > 아산시,42748,681,3696,4876,4453,13025,3957,3276,3306,3360,3374,3248,20521,2321,1920,1754,1498,1028,,24578,288,1690,3264,3289,3051,2476,2365,2100,1962,1602,922,627,434,316,192,18170,393,2006,1612,1164,906,800,941,1260,1412,1646,1399,1293,1320,1182,836
충청남도 > 서산시,23003,322,1390,2424,1955,5769,1541,1458,1674,1865,2033,1999,10570,1471,1326,1316,1228,1001,,13046,172,740,1899,1584,1232,1079,1144,1152,1203,1015,632,479,316,241,158,9957,150,650,525,371,309,379,530,713,830,984,839,847,1000,987,843
충청남도 > 논산시,17566,324,1245,1130,839,3214,651,718,993,1221,1672,1812,7067,1532,1452,1466,1398,1113,,8224,138,622,765,568,451,488,665,758,945,894,668,457,362,253,190,9342,186,623,365,271,200,230,328,463,727,918,864,995,1104,1145,923
충청남도 > 계룡시,3218,13,90,271,221,582,210,236,285,335,317,306,1689,243,182,201,177,131,,1503,7,51,172,141,138,143,164,176,142,136,99,52,36,29,17,1715,6,39,99,80,72,93,121,159,175,170,144,130,165,148,114
충청남도 > 당진시,23570,165,979,2049,2144,5172,1943,1723,1931,2074,2352,2155,12178,1462,1291,1198,1203,901,,14614,85,526,1541,1800,1610,1400,1467,1447,1543,1277,678,494,317,249,180,8956,80,453,508,344,333,323,464,627,809,878,784,797,881,954,721
충청남도 > 금산군,8783,459,968,293,196,1457,233,238,424,596,781,915,3187,755,721,839,794,571,,4012,214,456,183,125,166,164,290,383,490,508,355,238,190,132,118,4771,245,512,110,71,67,74,134,213,291,407,400,483,649,662,453
충청남도 > 부여군,9598,93,285,346,278,909,261,257,428,539,800,1078,3363,959,957,1134,1152,1031,,3896,43,122,198,171,175,167,282,353,449,563,427,289,258,215,184,5702,50,163,148,107,86,90,146,186,351,515,532,668,876,937,847
충청남도 > 서천군,7846,10,88,226,190,504,165,219,352,447,724,806,2713,847,843,994,1036,899,,3230,9,49,130,137,120,162,242,313,463,433,355,262,217,182,156,4616,NaN,39,96,53,45,57,110,134,261,373,492,581,777,854,743
충청남도 > 청양군,4709,22,130,184,133,447,104,136,194,311,460,539,1744,461,446,515,584,490,,2110,8,67,115,101,73,91,148,206,263,297,234,154,116,124,113,2599,14,63,69,32,31,45,46,105,197,242,227,292,399,460,377
충청남도 > 홍성군,14810,421,1695,1034,814,3543,670,669,864,958,1254,1315,5730,1119,1004,1060,1067,866,,6882,200,786,646,586,462,454,515,550,709,637,442,323,218,192,162,7928,221,909,388,228,208,215,349,408,545,678,677,681,842,875,704
충청남도 > 예산군,11065,92,419,551,453,1423,391,403,539,778,1091,1217,4419,1084,972,1092,1098,885,,5013,38,204,360,326,290,284,366,464,629,616,450,334,235,219,198,6052,54,215,191,127,101,119,173,314,462,601,634,638,857,879,687
충청남도 > 태안군,10139,208,665,575,374,1614,336,389,551,801,1003,1164,4244,951,871,938,749,564,,5065,162,494,414,271,248,269,361,491,550,603,423,311,228,148,92,5074,46,171,161,103,88,120,190,310,453,561,528,560,710,601,472
전라북도 > 완산구,46758,509,4046,5388,4207,13641,3213,2894,3406,3565,3929,4057,21064,3268,3006,2340,1745,1185,,21868,265,1729,2818,2572,2019,1795,2044,1954,1873,1596,1183,891,535,357,237,24890,244,2317,2570,1635,1194,1099,1362,1611,2056,2461,2085,2115,1805,1388,948
전라북도 > 덕진구,42280,937,5679,5287,3760,14726,3043,2699,3039,3028,3080,3053,17942,2376,2191,1780,1425,903,,22178,534,3087,3192,2423,2062,1734,1976,1806,1547,1362,906,659,397,298,195,20102,403,2592,2095,1337,981,965,1063,1222,1533,1691,1470,1532,1383,1127,708
전라북도 > 군산시,37319,571,3152,2945,2299,8396,2394,2284,2822,3014,3339,3559,17412,2967,2688,2273,1741,1271,,19338,353,1731,1833,1608,1651,1613,1874,1850,1877,1787,1262,876,469,327,227,17981,218,1421,1112,691,743,671,948,1164,1462,1772,1705,1812,1804,1414,1044
전라북도 > 익산시,41275,1015,5733,3662,2234,11629,1922,1972,2533,2937,3376,3720,16460,2968,2696,2580,2242,1685,,20488,554,3149,2366,1555,1329,1305,1649,1783,1852,1759,1164,782,549,400,292,20787,461,2584,1296,679,593,667,884,1154,1524,1961,1804,1914,2031,1842,1393
전라북도 > 정읍시,15563,55,329,677,602,1608,567,681,928,1196,1456,1583,6411,1396,1447,1693,1591,1362,,6777,32,165,420,383,410,495,611,767,862,818,607,455,324,251,177,8786,23,164,257,219,157,186,317,429,594,765,789,992,1369,1340,1185
전라북도 > 남원시,11404,20,175,519,436,1130,410,504,696,867,1025,1185,4687,974,1145,1277,1231,940,,4695,11,78,283,278,271,343,445,537,600,594,391,325,226,180,133,6709,9,97,236,158,139,161,251,330,425,591,583,820,1051,1051,807
전라북도 > 김제시,11679,34,178,363,336,877,346,429,597,773,957,1284,4386,1126,1198,1440,1392,1226,,4655,24,93,212,231,241,293,415,520,577,649,444,342,246,196,172,7024,10,85,151,105,105,136,182,253,380,635,682,856,1194,1196,1054
전라북도 > 완주군,13398,444,1990,1014,751,3755,673,655,834,1013,1010,1028,5213,866,829,867,791,633,,7078,230,1129,639,537,478,468,594,675,643,573,402,292,184,130,104,6320,214,861,375,214,195,187,240,338,367,455,464,537,683,661,529
전라북도 > 진안군,3735,6,32,99,78,209,62,93,170,288,393,425,1431,374,388,448,497,382,,1639,NaN,15,58,54,40,68,127,185,244,270,198,146,100,72,59,2096,NaN,17,41,24,22,25,43,103,149,155,176,242,348,425,323
전라북도 > 무주군,3748,NaN,35,140,116,291,96,128,162,314,377,352,1429,336,369,459,485,375,,1555,NaN,16,59,81,70,94,118,210,226,189,162,112,83,77,57,2193,NaN,19,81,35,26,34,44,104,151,163,174,257,376,408,318
전라북도 > 장수군,3231,6,42,83,88,213,75,92,124,218,288,383,1180,337,331,403,428,333,,1325,NaN,20,54,60,57,73,86,133,177,213,161,114,58,63,54,1906,NaN,22,29,28,18,19,38,85,111,170,176,217,345,365,279
전라북도 > 임실군,4800,159,393,143,94,630,77,131,199,273,410,466,1556,387,469,551,602,446,,2137,67,171,97,72,63,106,150,192,277,293,200,172,116,99,62,2663,92,222,46,22,14,25,49,81,133,173,187,297,435,503,384
전라북도 > 순창군,3938,6,29,97,73,199,84,114,173,265,311,412,1359,343,459,598,595,379,,1525,5,12,50,50,57,85,130,188,200,226,141,144,102,84,51,2413,NaN,17,47,23,27,29,43,77,111,186,202,315,496,511,328
전라북도 > 고창군,8326,19,81,252,235,568,224,267,373,520,663,835,2882,750,933,1165,1114,895,,3228,13,37,138,151,161,189,266,342,419,444,299,277,204,162,126,5098,6,44,114,84,63,78,107,178,244,391,451,656,961,952,769
전라북도 > 부안군,7815,13,82,237,230,549,216,228,370,543,696,832,2885,787,905,960,978,738,,3278,8,41,148,159,146,168,268,351,424,439,331,300,186,181,128,4537,5,41,89,71,70,60,102,192,272,393,456,605,774,797,610
전라남도 > 목포시,31836,598,2338,2225,1866,6429,2154,2122,2525,2684,3025,3208,15718,2445,2299,2019,1476,852,,15988,431,1457,1246,1191,1458,1450,1615,1559,1546,1461,976,675,481,286,156,15848,167,881,979,675,696,672,910,1125,1479,1747,1469,1624,1538,1190,696
전라남도 > 여수시,34072,438,1905,2696,2047,6648,1960,1936,2461,2809,3300,3381,15847,2979,2677,2429,1835,1219,,17588,265,1133,1842,1503,1408,1401,1687,1765,1831,1632,1258,809,510,347,197,16484,173,772,854,544,552,535,774,1044,1469,1749,1721,1868,1919,1488,1022
전라남도 > 순천시,31947,305,2135,3092,2319,7546,2096,1787,2168,2575,2892,3066,14584,2365,1993,2032,1736,1386,,15235,159,999,1819,1582,1434,1183,1334,1458,1437,1357,983,598,383,281,228,16712,146,1136,1273,737,662,604,834,1117,1455,1709,1382,1395,1649,1455,1158
전라남도 > 나주시,17978,147,913,1723,1366,4002,1109,1016,1154,1256,1423,1453,7411,1252,1300,1510,1374,982,,8460,70,448,933,860,745,690,762,768,810,759,531,430,280,221,153,9518,77,465,790,506,364,326,392,488,613,694,721,870,1230,1153,829
전라남도 > 광양시,16276,106,715,1412,1218,3345,1221,1202,1412,1733,1675,1502,8745,1016,847,841,772,604,,9404,70,419,983,944,983,920,987,1165,1025,834,468,256,163,117,70,6872,36,296,429,274,238,282,425,568,650,668,548,591,678,655,534
전라남도 > 담양군,5643,34,169,275,169,613,183,183,273,372,455,536,2002,488,537,708,720,541,,2361,23,105,172,115,128,128,189,235,281,297,207,156,131,104,90,3282,11,64,103,54,55,55,84,137,174,239,281,381,577,616,451
전라남도 > 곡성군,5278,101,326,226,160,712,126,137,212,302,412,478,1667,394,481,628,710,585,,2198,69,177,131,118,90,91,147,182,261,293,198,137,122,101,81,3080,32,149,95,42,36,46,65,120,151,185,196,344,506,609,504
전라남도 > 구례군,4195,7,30,102,112,244,105,122,192,338,430,487,1674,376,418,537,555,384,,1692,6,18,44,70,74,77,131,220,256,275,160,131,93,88,49,2503,NaN,12,58,42,31,45,61,118,174,212,216,287,444,467,335
전라남도 > 고흥군,11805,13,78,240,203,521,200,282,409,692,934,1197,3714,1229,1425,1699,1785,1419,,4555,8,40,136,149,139,197,298,478,586,701,561,442,309,276,235,7250,5,38,104,54,61,85,111,214,348,496,668,983,1390,1509,1184
전라남도 > 보성군,7007,7,61,176,137,374,142,167,267,421,593,750,2340,685,709,1009,998,885,,2689,NaN,32,85,96,102,128,184,307,353,420,309,213,190,148,120,4318,5,29,91,41,40,39,83,114,240,330,376,496,819,850,765
전라남도 > 화순군,8555,21,178,325,275,778,237,304,476,660,773,865,3315,757,835,1141,1013,695,,3429,12,86,181,181,156,197,301,424,428,473,321,246,199,135,89,5126,9,92,144,94,81,107,175,236,345,392,436,589,942,878,606
전라남도 > 장흥군,6305,11,71,224,176,471,155,155,304,403,520,625,2162,543,684,789,894,751,,2420,8,36,115,114,108,114,213,255,306,346,235,190,156,131,93,3885,NaN,35,109,62,47,41,91,148,214,279,308,494,633,763,658
전라남도 > 강진군,5856,14,100,230,177,507,155,182,243,323,472,576,1951,528,636,741,864,615,,2276,7,49,129,113,110,121,171,226,292,296,236,177,133,137,79,3580,7,51,101,64,45,61,72,97,180,280,292,459,608,727,536
전라남도 > 해남군,10325,21,124,326,259,709,280,315,478,653,864,1065,3655,1002,1147,1429,1347,1015,,4231,8,54,191,175,197,247,335,428,541,580,444,355,269,243,164,6094,13,70,135,84,83,68,143,225,323,485,558,792,1160,1104,851
전라남도 > 영암군,9120,131,717,456,352,1525,453,460,652,748,794,771,3878,643,695,878,793,577,,4543,51,335,302,241,378,378,485,534,510,465,282,201,176,134,71,4577,80,382,154,111,75,82,167,214,284,306,361,494,702,659,506
전라남도 > 무안군,12937,620,1969,1233,921,4123,768,568,662,732,785,826,4341,749,792,936,813,563,,6427,372,1103,726,602,513,375,405,433,482,441,318,240,196,137,84,6510,248,866,507,319,255,193,257,299,303,385,431,552,740,676,479
전라남도 > 함평군,5184,NaN,56,126,118,300,109,128,200,370,452,571,1830,495,579,722,742,512,,2199,NaN,29,69,80,80,92,146,272,296,346,235,206,134,136,77,2985,NaN,27,57,38,29,36,54,98,156,225,260,373,588,606,435
전라남도 > 영광군,7634,28,152,334,303,789,279,273,460,564,675,721,2972,685,823,962,815,560,,3367,13,100,205,212,195,207,334,380,401,390,297,242,197,107,87,4267,15,52,129,91,84,66,126,184,274,331,388,581,765,708,473
전라남도 > 장성군,5406,18,105,282,210,597,189,213,257,327,435,470,1891,440,538,696,683,543,,2266,8,58,177,150,152,155,184,227,265,246,190,153,113,100,88,3140,10,47,105,60,37,58,73,100,170,224,250,385,583,583,455
전라남도 > 완도군,7482,10,84,275,227,586,252,334,436,593,685,738,3038,682,716,914,902,634,,3325,5,34,143,155,199,240,305,419,438,413,301,239,184,145,105,4157,5,50,132,72,53,94,131,174,247,325,381,477,730,757,529
전라남도 > 진도군,5206,8,53,183,139,375,135,150,285,355,415,538,1878,412,564,758,704,507,,2177,NaN,26,114,95,99,110,210,252,265,295,193,196,139,118,61,3029,NaN,27,69,44,36,40,75,103,150,243,219,368,619,586,446
전라남도 > 신안군,6586,5,55,184,172,411,197,274,396,503,639,645,2654,600,652,841,853,570,,3202,NaN,28,119,131,150,227,329,387,457,421,304,239,189,133,87,3384,NaN,27,65,41,47,47,67,116,182,224,296,413,652,720,483
경상북도 > 남구,30330,54,1019,2792,2176,5987,1938,1891,2386,2822,3146,3513,15696,2778,2057,1779,1263,716,,16424,29,607,1929,1606,1397,1325,1632,1801,1783,1684,1169,664,441,240,117,13906,25,412,863,570,541,566,754,1021,1363,1829,1609,1393,1338,1023,599
경상북도 > 북구,32517,173,1657,2430,2178,6265,2032,1851,2310,2662,3283,3791,15929,3084,2354,2114,1582,1016,,14744,77,677,1535,1499,1353,1129,1362,1410,1508,1487,1103,715,456,276,157,17773,96,980,895,679,679,722,948,1252,1775,2304,1981,1639,1658,1306,859
경상북도 > 경주시,39638,1039,4146,2652,2093,8891,1860,1933,2500,3017,3457,3911,16678,3281,2811,2749,2424,1765,,18917,515,2134,1739,1474,1296,1297,1574,1782,1915,1852,1285,892,523,369,270,20721,524,2012,913,619,564,636,926,1235,1542,2059,1996,1919,2226,2055,1495
경상북도 > 김천시,19858,269,1373,1490,1239,4102,968,902,1180,1450,1733,1772,8005,1613,1516,1584,1596,1173,,9080,106,627,887,864,677,614,775,923,989,819,585,454,298,265,197,10778,163,746,603,375,291,288,405,527,744,953,1028,1062,1286,1331,976
경상북도 > 안동시,26475,668,3077,2173,1337,6587,1184,1144,1465,1758,2075,2372,9998,2044,1843,2045,1900,1390,,12252,372,1507,1299,856,774,760,932,1065,1170,1157,736,560,428,390,246,14223,296,1570,874,481,410,384,533,693,905,1215,1308,1283,1617,1510,1144
경상북도 > 구미시,54929,980,5067,7498,6786,19351,5608,4575,4429,4279,4132,3507,26530,2529,1738,1552,1343,906,,30740,658,2954,4590,4754,3897,3048,2710,2365,2080,1565,942,511,286,247,133,24189,322,2113,2908,2032,1711,1527,1719,1914,2052,1942,1587,1227,1266,1096,773
경상북도 > 영주시,15683,515,1577,899,577,3053,564,568,796,985,1284,1612,5809,1381,1222,1448,1291,964,,7105,233,914,629,411,392,379,502,588,681,790,507,346,318,252,163,8578,282,663,270,166,172,189,294,397,603,822,874,876,1130,1039,801
경상북도 > 영천시,16400,50,757,828,702,2287,679,713,1007,1380,1646,1804,7229,1597,1418,1461,1397,961,,7918,36,592,530,503,497,470,647,859,923,946,728,482,313,235,157,8482,14,165,298,199,182,243,360,521,723,858,869,936,1148,1162,804
경상북도 > 상주시,16128,368,1359,761,489,2609,493,494,641,971,1358,1558,5515,1430,1432,1616,1779,1379,,7058,232,882,542,331,342,347,411,599,807,797,548,407,319,274,220,9070,136,477,219,158,151,147,230,372,551,761,882,1025,1297,1505,1159
경상북도 > 문경시,10702,36,238,396,380,1014,347,347,541,755,955,1232,4177,1121,1098,1269,1145,842,,4270,13,96,234,267,229,214,351,470,518,593,422,307,237,181,138,6432,23,142,162,113,118,133,190,285,437,639,699,791,1032,964,704
경상북도 > 경산시,41805,1411,7812,4898,2964,15674,2414,2311,2636,2753,2872,2967,15953,2358,1968,1876,1624,941,,21222,683,3784,3280,2111,1711,1534,1655,1602,1455,1260,821,525,361,290,150,20583,728,4028,1618,853,703,777,981,1151,1417,1707,1537,1443,1515,1334,791
경상북도 > 군위군,4111,7,22,82,79,183,76,111,161,284,447,521,1600,494,434,508,507,378,,1888,NaN,14,50,56,52,74,115,173,296,314,281,164,134,101,60,2223,NaN,8,32,23,24,37,46,111,151,207,213,270,374,406,318
경상북도 > 의성군,9344,7,92,244,203,539,197,217,326,512,789,1095,3136,1027,1000,1257,1357,1021,,3722,NaN,50,147,133,128,159,225,366,490,609,439,313,247,235,177,5622,NaN,42,97,70,69,58,101,146,299,486,588,687,1010,1122,844
경상북도 > 청송군,4531,NaN,33,161,152,346,133,138,202,329,490,537,1829,486,441,566,509,351,,2019,NaN,15,119,124,100,109,143,228,271,283,219,147,112,88,59,2512,NaN,18,42,28,33,29,59,101,219,254,267,294,454,421,292
경상북도 > 영양군,2890,5,20,75,72,167,73,74,101,192,261,340,1041,309,298,383,396,291,,1207,NaN,10,42,51,54,58,77,140,163,187,151,86,86,56,42,1683,NaN,10,33,21,19,16,24,52,98,153,158,212,297,340,249
경상북도 > 영덕군,6814,7,49,187,167,403,172,188,282,448,654,753,2497,713,727,949,886,632,,2453,NaN,23,117,113,109,129,169,265,361,377,274,174,133,132,73,4361,NaN,26,70,54,63,59,113,183,293,376,439,553,816,754,559
경상북도 > 청도군,6942,8,37,154,151,342,146,168,285,428,677,910,2614,829,751,796,899,703,,2751,5,18,103,94,84,98,192,235,381,483,374,266,170,151,97,4191,NaN,19,51,57,62,70,93,193,296,427,455,485,626,748,606
경상북도 > 고령군,4686,14,49,112,116,277,123,154,268,381,518,629,2073,543,452,459,506,362,,2166,8,27,61,88,104,106,182,256,303,343,271,165,96,98,58,2520,6,22,51,28,19,48,86,125,215,286,272,287,363,408,304
경상북도 > 성주군,6322,10,71,240,218,529,174,246,300,487,730,836,2773,714,606,598,563,529,,3062,10,41,142,152,127,194,216,312,465,484,345,231,147,115,81,3260,NaN,30,98,66,47,52,84,175,265,352,369,375,451,448,448
경상북도 > 칠곡군,15218,129,623,1169,1482,3274,1508,1329,1468,1300,1357,1241,8203,943,752,780,687,450,,8548,75,305,709,1089,1148,998,1018,814,789,641,373,239,157,121,72,6670,54,318,460,393,360,331,450,486,568,600,570,513,623,566,378
경상북도 > 예천군,8281,69,280,337,358,975,310,302,357,524,652,786,2931,791,739,913,1015,848,,3443,33,174,189,245,219,192,218,312,380,416,336,219,207,179,124,4838,36,106,148,113,91,110,139,212,272,370,455,520,706,836,724
경상북도 > 봉화군,5083,5,35,111,93,239,114,130,203,362,479,637,1925,576,499,674,678,487,,2287,NaN,21,71,69,77,102,153,245,314,381,283,183,162,124,98,2796,NaN,14,40,24,37,28,50,117,165,256,293,316,512,554,389
경상북도 > 울진군,8370,15,177,501,384,1062,292,314,429,592,824,900,3351,762,702,865,881,732,,3788,7,107,343,276,212,227,311,407,504,467,317,234,167,127,82,4582,8,70,158,108,80,87,118,185,320,433,445,468,698,754,650
경상북도 > 울릉군,1734,NaN,34,107,98,239,102,120,174,185,193,212,986,144,113,112,77,61,,1063,NaN,22,80,71,76,94,143,146,137,135,71,43,22,14,9,671,NaN,12,27,27,26,26,31,39,56,77,73,70,90,63,52
경상남도 > 진주시,49332,1118,6540,5383,3610,15533,2728,2478,2969,3276,3741,4134,19326,3505,2970,2855,2350,1675,,23431,561,3336,3342,2399,1776,1579,1847,1836,1840,1732,1245,780,555,361,242,25901,557,3204,2041,1211,952,899,1122,1440,1901,2402,2260,2190,2300,1989,1433
경상남도 > 통영시,17445,107,549,914,877,2340,934,1034,1386,1644,1926,2188,9112,1702,1392,1270,941,581,,8440,57,330,527,548,661,744,898,993,1011,1024,708,457,260,142,80,9005,50,219,387,329,273,290,488,651,915,1164,994,935,1010,799,501
경상남도 > 사천시,15604,35,348,1111,1003,2462,878,959,1157,1289,1475,1583,7341,1350,1209,1286,1160,761,,7506,23,224,802,755,628,663,768,776,806,704,543,318,234,163,99,8098,12,124,309,248,250,296,389,513,669,879,807,891,1052,997,662
경상남도 > 김해시,56046,355,2797,4882,4805,12484,4687,4471,5148,5566,5624,5415,30911,3945,2939,2555,1805,1052,,29735,178,1370,2992,3399,3323,3065,3313,3274,2936,2496,1545,867,494,298,185,26311,177,1427,1890,1406,1364,1406,1835,2292,2688,2919,2400,2072,2061,1507,867
경상남도 > 밀양시,16645,50,335,703,571,1609,584,607,842,1264,1694,2208,7199,1970,1658,1680,1460,1019,,7152,31,188,429,399,384,427,538,720,924,1060,826,521,320,232,153,9493,19,147,274,172,200,180,304,544,770,1148,1144,1137,1360,1228,866
경상남도 > 거제시,27960,58,710,2169,2384,5263,2978,2952,3209,3062,2674,2523,17398,1677,1178,1010,782,594,,17150,34,372,1421,1803,2371,2347,2375,2021,1533,1292,692,414,238,146,91,10810,24,338,748,581,607,605,834,1041,1141,1231,985,764,772,636,503
경상남도 > 양산시,39894,148,1479,3599,3341,8419,3262,2969,3426,3583,3827,4149,21216,3151,2469,2111,1524,856,,20021,77,702,2032,2280,2310,1986,2119,2051,1966,1747,1091,728,486,292,154,19873,71,777,1567,1061,952,983,1307,1532,1861,2402,2060,1741,1625,1232,702
경상남도 > 의창구,30619,138,1544,2905,2651,7100,2502,2361,2812,3065,3123,3186,17049,2267,1449,1202,897,517,,16457,69,766,1850,1861,1723,1594,1757,1804,1642,1411,906,516,285,182,91,14162,69,778,1055,790,779,767,1055,1261,1481,1775,1361,933,917,715,426
경상남도 > 성산구,21745,42,929,2945,2705,6579,2179,1881,2077,1918,1978,1849,11882,1196,797,529,444,276,,11625,25,423,1739,1873,1425,1199,1180,1060,956,774,460,254,125,83,49,10120,17,506,1206,832,754,682,897,858,1022,1075,736,543,404,361,227
경상남도 > 마산합포구,22631,100,935,1301,1197,3433,1223,1256,1490,1722,2142,2888,10721,2486,1998,1764,1314,815,,10364,48,466,781,803,814,821,930,1028,1092,1251,946,619,374,239,152,12267,52,469,520,394,409,435,560,694,1050,1637,1540,1379,1390,1075,663
경상남도 > 마산회원구,21943,81,609,1235,1207,3051,1271,1317,1669,1932,2433,2896,11518,2511,1878,1440,971,493,,10499,42,259,700,814,879,883,1085,1141,1277,1235,980,569,366,190,79,11444,39,350,535,393,392,434,584,791,1156,1661,1531,1309,1074,781,414
경상남도 > 진해구,22223,58,694,1802,1861,4357,1996,1852,2049,1977,1964,2221,12059,1782,1368,1127,906,566,,12345,34,454,1193,1357,1492,1405,1440,1238,1064,1008,714,424,243,181,98,9878,24,240,609,504,504,447,609,739,900,1213,1068,944,884,725,468
경상남도 > 의령군,5124,8,63,153,141,357,117,135,211,314,451,569,1797,515,523,674,711,539,,2078,NaN,25,88,88,78,95,138,208,283,321,271,181,112,114,72,3046,NaN,38,65,53,39,40,73,106,168,248,244,342,562,597,467
경상남도 > 함안군,8846,16,113,256,302,671,278,368,576,714,932,1152,4020,969,831,934,810,595,,4269,10,82,171,228,204,295,414,473,578,637,464,300,195,126,92,4577,6,31,85,74,74,73,162,241,354,515,505,531,739,684,503
경상남도 > 창녕군,9792,30,104,310,305,719,279,354,484,731,981,1218,4047,1040,949,1084,1121,802,,4217,25,64,180,214,193,260,325,485,562,613,454,343,207,163,129,5575,5,40,130,91,86,94,159,246,419,605,586,606,877,958,673
경상남도 > 고성군,7870,11,72,191,210,473,252,254,395,625,770,956,3252,844,806,857,889,738,,3378,6,39,98,154,178,198,285,407,435,516,368,268,179,134,113,4492,5,33,93,56,74,56,110,218,335,440,476,538,678,755,625
경상남도 > 남해군,7368,92,152,201,130,483,120,143,282,419,604,723,2291,734,828,909,1030,1001,,2721,55,104,124,83,78,97,193,281,337,392,302,254,158,134,129,4647,37,48,77,47,42,46,89,138,267,331,432,574,751,896,872
경상남도 > 하동군,7072,9,68,184,154,406,156,193,300,563,711,891,2814,797,684,819,850,693,,3033,NaN,40,102,104,119,141,204,376,434,512,377,232,173,122,93,4039,5,28,82,50,37,52,96,187,277,379,420,452,646,728,600
경상남도 > 산청군,6032,NaN,45,116,125,286,116,160,265,474,650,782,2447,662,618,725,716,576,,2533,NaN,25,73,82,79,104,184,304,378,436,321,230,144,94,77,3499,NaN,20,43,43,37,56,81,170,272,346,341,388,581,622,499
경상남도 > 함양군,6679,11,76,206,169,451,144,171,331,465,609,738,2458,651,682,858,889,679,,2595,NaN,36,112,114,94,126,220,276,369,388,293,208,151,124,80,4084,7,40,94,55,50,45,111,189,240,350,358,474,707,765,599
경상남도 > 거창군,8787,34,223,401,344,968,252,289,408,597,749,891,3186,824,844,1024,1069,838,,3459,16,159,253,232,164,191,269,358,404,427,313,222,170,146,135,5328,18,64,148,112,88,98,139,239,345,464,511,622,854,923,703
경상남도 > 합천군,8080,5,64,188,133,385,138,176,292,444,696,887,2633,814,878,1175,1226,964,,3063,5,31,103,91,99,127,205,292,468,490,369,250,211,181,141,5017,NaN,33,85,42,39,49,87,152,228,397,445,628,964,1045,823